input,output,instruction,is_dismissal,predicted_line,predicted_length,predicted_shot
play type description is wide batting team is Australia bowling team is England total runs on delivery is 1 bowler name is Jake Ball batsman name is Aaron Finch over runs is 5 dismissal is False dismissal type is  dismissal text is False innings wickets is 0  ,"good length, shaping away a little... looked to be inside the tramlines but signalled wide
","You are an expert cricket commentator. Provide vivid, accurate, and engaging ball-by-ball commentary for cricket matches. Describe the action with technical precision, including details about bowling technique, batting shots, field placements, and match context. Use appropriate cricket terminology and maintain the exciting, dynamic tone that cricket fans expect. Your commentary should be concise yet descriptive, capturing both the action and the atmosphere of the game.",False,Off Stump,Good Length,Unknown
play type description is no run batting team is Australia bowling team is England total runs on delivery is 0 bowler name is Jake Ball batsman name is Aaron Finch over runs is 5 dismissal is False dismissal type is  dismissal text is 6.0 innings wickets is 0  ,"short of a length outside off, Finch throws his hands up
","You are an expert cricket commentator. Provide vivid, accurate, and engaging ball-by-ball commentary for cricket matches. Describe the action with technical precision, including details about bowling technique, batting shots, field placements, and match context. Use appropriate cricket terminology and maintain the exciting, dynamic tone that cricket fans expect. Your commentary should be concise yet descriptive, capturing both the action and the atmosphere of the game.",False,Outside Off,Short,Unknown
play type description is no run batting team is Australia bowling team is England total runs on delivery is 0 bowler name is Jake Ball batsman name is Aaron Finch over runs is 5 dismissal is False dismissal type is  dismissal text is 3.0 innings wickets is 0  ,"fuller, around off stump and punched back to the bowler
","You are an expert cricket commentator. Provide vivid, accurate, and engaging ball-by-ball commentary for cricket matches. Describe the action with technical precision, including details about bowling technique, batting shots, field placements, and match context. Use appropriate cricket terminology and maintain the exciting, dynamic tone that cricket fans expect. Your commentary should be concise yet descriptive, capturing both the action and the atmosphere of the game.",False,Off Stump,Full,Unknown
play type description is no run batting team is Australia bowling team is England total runs on delivery is 0 bowler name is Jake Ball batsman name is Aaron Finch over runs is 5 dismissal is False dismissal type is  dismissal text is 2.0 innings wickets is 0  ,"angled in with the arm, Finch works this without timing to midwicket
","You are an expert cricket commentator. Provide vivid, accurate, and engaging ball-by-ball commentary for cricket matches. Describe the action with technical precision, including details about bowling technique, batting shots, field placements, and match context. Use appropriate cricket terminology and maintain the exciting, dynamic tone that cricket fans expect. Your commentary should be concise yet descriptive, capturing both the action and the atmosphere of the game.",False,Off Stump,Full,Unknown
play type description is leg bye batting team is Australia bowling team is England total runs on delivery is 3 bowler name is Jake Ball batsman name is Aaron Finch over runs is 5 dismissal is False dismissal type is  dismissal text is 6.0 innings wickets is 3  ,"short of a length on the hip, 82mph and Finch flicks it towards fine leg, where Rashid does a terrific job of cutting the ball off in front of the rope to prevent four
","You are an expert cricket commentator. Provide vivid, accurate, and engaging ball-by-ball commentary for cricket matches. Describe the action with technical precision, including details about bowling technique, batting shots, field placements, and match context. Use appropriate cricket terminology and maintain the exciting, dynamic tone that cricket fans expect. Your commentary should be concise yet descriptive, capturing both the action and the atmosphere of the game.",False,Down Leg,Short,Flick
play type description is no run batting team is Australia bowling team is England total runs on delivery is 0 bowler name is Jake Ball batsman name is Aaron Finch over runs is 5 dismissal is False dismissal type is  dismissal text is 5.0 innings wickets is 0  ,"short and rising over off stump, Finch defends stoutly
","You are an expert cricket commentator. Provide vivid, accurate, and engaging ball-by-ball commentary for cricket matches. Describe the action with technical precision, including details about bowling technique, batting shots, field placements, and match context. Use appropriate cricket terminology and maintain the exciting, dynamic tone that cricket fans expect. Your commentary should be concise yet descriptive, capturing both the action and the atmosphere of the game.",False,Off Stump,Short,Defend
play type description is four batting team is Australia bowling team is England total runs on delivery is 4 bowler name is Jake Ball batsman name is Aaron Finch over runs is 9 dismissal is False dismissal type is  dismissal text is 9.33 innings wickets is 0  ,"superbly played off the pads, too straight from Ball and Finch just pings it wide of mid-on for his first boundary
","You are an expert cricket commentator. Provide vivid, accurate, and engaging ball-by-ball commentary for cricket matches. Describe the action with technical precision, including details about bowling technique, batting shots, field placements, and match context. Use appropriate cricket terminology and maintain the exciting, dynamic tone that cricket fans expect. Your commentary should be concise yet descriptive, capturing both the action and the atmosphere of the game.",False,Off Stump,Full,Unknown
play type description is no run batting team is Australia bowling team is England total runs on delivery is 0 bowler name is Sam Curran batsman name is Aaron Finch over runs is 11 dismissal is False dismissal type is  dismissal text is 8.7 innings wickets is 0  ,"nicely bowled, slides this across the right-hander from over the wicket, past the outside edge
","You are an expert cricket commentator. Provide vivid, accurate, and engaging ball-by-ball commentary for cricket matches. Describe the action with technical precision, including details about bowling technique, batting shots, field placements, and match context. Use appropriate cricket terminology and maintain the exciting, dynamic tone that cricket fans expect. Your commentary should be concise yet descriptive, capturing both the action and the atmosphere of the game.",False,Outside Off,Full,Unknown
play type description is four batting team is Australia bowling team is England total runs on delivery is 4 bowler name is Sam Curran batsman name is Aaron Finch over runs is 11 dismissal is False dismissal type is  dismissal text is 9.42 innings wickets is 0  ,"now Finch gets on to the front foot and uses his muscle, bullied over extra cover for a no-nonsense four
","You are an expert cricket commentator. Provide vivid, accurate, and engaging ball-by-ball commentary for cricket matches. Describe the action with technical precision, including details about bowling technique, batting shots, field placements, and match context. Use appropriate cricket terminology and maintain the exciting, dynamic tone that cricket fans expect. Your commentary should be concise yet descriptive, capturing both the action and the atmosphere of the game.",False,Off Stump,Full,Unknown
play type description is six batting team is Australia bowling team is England total runs on delivery is 6 bowler name is Sam Curran batsman name is Aaron Finch over runs is 11 dismissal is False dismissal type is  dismissal text is 10.63 innings wickets is 0  ,"heaved over the leg side, <b>that's sailed into the crowd at deep square!</b> Maybe a slower ball, 75mph and Finch was aiming more down the ground... but he still got plenty on it!
","You are an expert cricket commentator. Provide vivid, accurate, and engaging ball-by-ball commentary for cricket matches. Describe the action with technical precision, including details about bowling technique, batting shots, field placements, and match context. Use appropriate cricket terminology and maintain the exciting, dynamic tone that cricket fans expect. Your commentary should be concise yet descriptive, capturing both the action and the atmosphere of the game.",False,Down Leg,Full,Unknown
play type description is no run batting team is Australia bowling team is England total runs on delivery is 0 bowler name is Sam Curran batsman name is Aaron Finch over runs is 11 dismissal is False dismissal type is  dismissal text is 10.17 innings wickets is 0  ,"comes across and defends on off
","You are an expert cricket commentator. Provide vivid, accurate, and engaging ball-by-ball commentary for cricket matches. Describe the action with technical precision, including details about bowling technique, batting shots, field placements, and match context. Use appropriate cricket terminology and maintain the exciting, dynamic tone that cricket fans expect. Your commentary should be concise yet descriptive, capturing both the action and the atmosphere of the game.",False,Off Stump,Full,Defend
play type description is no run batting team is Australia bowling team is England total runs on delivery is 0 bowler name is Sam Curran batsman name is Aaron Finch over runs is 11 dismissal is False dismissal type is  dismissal text is 9.75 innings wickets is 0  ,"pitched up and driven, Moeen misfields at mid-off but Finch still sends Head back, think he was probably home as the throw came in
","You are an expert cricket commentator. Provide vivid, accurate, and engaging ball-by-ball commentary for cricket matches. Describe the action with technical precision, including details about bowling technique, batting shots, field placements, and match context. Use appropriate cricket terminology and maintain the exciting, dynamic tone that cricket fans expect. Your commentary should be concise yet descriptive, capturing both the action and the atmosphere of the game.",False,Off Stump,Full,Drive
play type description is four batting team is Australia bowling team is England total runs on delivery is 4 bowler name is Joe Root batsman name is Aaron Finch over runs is 13 dismissal is False dismissal type is  dismissal text is 10.34 innings wickets is 0  ,"ho ho, they're not going to let Root settle today! Finch picks this up and spanks it straight back down the ground for four
","You are an expert cricket commentator. Provide vivid, accurate, and engaging ball-by-ball commentary for cricket matches. Describe the action with technical precision, including details about bowling technique, batting shots, field placements, and match context. Use appropriate cricket terminology and maintain the exciting, dynamic tone that cricket fans expect. Your commentary should be concise yet descriptive, capturing both the action and the atmosphere of the game.",False,Off Stump,Full,Unknown
play type description is run batting team is Australia bowling team is England total runs on delivery is 2 bowler name is Joe Root batsman name is Aaron Finch over runs is 13 dismissal is False dismissal type is  dismissal text is 10.4 innings wickets is 0  ,"floated up on off stump, bit of a miscue as Finch launches again, this plugs out towards deep extra cover for a couple
","You are an expert cricket commentator. Provide vivid, accurate, and engaging ball-by-ball commentary for cricket matches. Describe the action with technical precision, including details about bowling technique, batting shots, field placements, and match context. Use appropriate cricket terminology and maintain the exciting, dynamic tone that cricket fans expect. Your commentary should be concise yet descriptive, capturing both the action and the atmosphere of the game.",False,Off Stump,Full,Unknown
play type description is no run batting team is Australia bowling team is England total runs on delivery is 0 bowler name is Jake Ball batsman name is Aaron Finch over runs is 6 dismissal is False dismissal type is  dismissal text is 9.77 innings wickets is 0  ,"is that a drop? No, I don't think it quite carried... Finch glancing uppishly towards short fine leg, Curran dived forwards but couldn't <i>quite</I> get his hands underneath the ball. Prevented it getting away, though
","You are an expert cricket commentator. Provide vivid, accurate, and engaging ball-by-ball commentary for cricket matches. Describe the action with technical precision, including details about bowling technique, batting shots, field placements, and match context. Use appropriate cricket terminology and maintain the exciting, dynamic tone that cricket fans expect. Your commentary should be concise yet descriptive, capturing both the action and the atmosphere of the game.",False,Down Leg,Short,Unknown
play type description is run batting team is Australia bowling team is England total runs on delivery is 1 bowler name is Jake Ball batsman name is Aaron Finch over runs is 6 dismissal is False dismissal type is  dismissal text is 9.66 innings wickets is 0  ,"slower ball, tucked off the pads for a single square
","You are an expert cricket commentator. Provide vivid, accurate, and engaging ball-by-ball commentary for cricket matches. Describe the action with technical precision, including details about bowling technique, batting shots, field placements, and match context. Use appropriate cricket terminology and maintain the exciting, dynamic tone that cricket fans expect. Your commentary should be concise yet descriptive, capturing both the action and the atmosphere of the game.",False,Off Stump,Full,Unknown
play type description is run batting team is Australia bowling team is England total runs on delivery is 1 bowler name is Moeen Ali batsman name is Aaron Finch over runs is 2 dismissal is False dismissal type is  dismissal text is 9.56 innings wickets is 0  ,"over the wicket, spinning in to hit the front pad as Finch reverse-sweeps... Buttler bellows an lbw appeal, but I think there was some glove on it
","You are an expert cricket commentator. Provide vivid, accurate, and engaging ball-by-ball commentary for cricket matches. Describe the action with technical precision, including details about bowling technique, batting shots, field placements, and match context. Use appropriate cricket terminology and maintain the exciting, dynamic tone that cricket fans expect. Your commentary should be concise yet descriptive, capturing both the action and the atmosphere of the game.",False,Down Leg,Full,Sweep
play type description is out batting team is Australia bowling team is England total runs on delivery is 0 bowler name is Moeen Ali batsman name is Aaron Finch over runs is 2 dismissal is True dismissal type is bowled dismissal text is 9.23 innings wickets is 0  ,"got him, Moeen strikes - <b>snuck through into the timber!</b> What a good series he's having, this just gripped and spun, cramping Finch as he swung across the line, clipped the bottom edge and then rattled the stumps
","You are an expert cricket commentator. Provide vivid, accurate, and engaging ball-by-ball commentary for cricket matches. Describe the action with technical precision, including details about bowling technique, batting shots, field placements, and match context. Use appropriate cricket terminology and maintain the exciting, dynamic tone that cricket fans expect. Your commentary should be concise yet descriptive, capturing both the action and the atmosphere of the game.",True,Off Stump,Full,Unknown
play type description is run batting team is England bowling team is Australia total runs on delivery is 1 bowler name is Aaron Finch batsman name is Jonny Bairstow over runs is 7 dismissal is False dismissal type is  dismissal text is 7.93 innings wickets is 0  ,"calmly driven into the covers
","You are an expert cricket commentator. Provide vivid, accurate, and engaging ball-by-ball commentary for cricket matches. Describe the action with technical precision, including details about bowling technique, batting shots, field placements, and match context. Use appropriate cricket terminology and maintain the exciting, dynamic tone that cricket fans expect. Your commentary should be concise yet descriptive, capturing both the action and the atmosphere of the game.",False,Off Stump,Full,Drive
play type description is no run batting team is England bowling team is Australia total runs on delivery is 0 bowler name is Aaron Finch batsman name is Alex Hales over runs is 7 dismissal is False dismissal type is  dismissal text is 7.86 innings wickets is 0  ,"square driven to point
","You are an expert cricket commentator. Provide vivid, accurate, and engaging ball-by-ball commentary for cricket matches. Describe the action with technical precision, including details about bowling technique, batting shots, field placements, and match context. Use appropriate cricket terminology and maintain the exciting, dynamic tone that cricket fans expect. Your commentary should be concise yet descriptive, capturing both the action and the atmosphere of the game.",False,Off Stump,Full,Drive
play type description is no run batting team is England bowling team is Australia total runs on delivery is 0 bowler name is Aaron Finch batsman name is Alex Hales over runs is 7 dismissal is False dismissal type is  dismissal text is 7.8 innings wickets is 0  ,"onto the front foot and pressed into the off side
","You are an expert cricket commentator. Provide vivid, accurate, and engaging ball-by-ball commentary for cricket matches. Describe the action with technical precision, including details about bowling technique, batting shots, field placements, and match context. Use appropriate cricket terminology and maintain the exciting, dynamic tone that cricket fans expect. Your commentary should be concise yet descriptive, capturing both the action and the atmosphere of the game.",False,Off Stump,Full,Defend
play type description is run batting team is England bowling team is Australia total runs on delivery is 1 bowler name is Aaron Finch batsman name is Alex Hales over runs is 7 dismissal is False dismissal type is  dismissal text is 7.79 innings wickets is 0  ,"squeezed back past the bowler, who is really rattling through this over
","You are an expert cricket commentator. Provide vivid, accurate, and engaging ball-by-ball commentary for cricket matches. Describe the action with technical precision, including details about bowling technique, batting shots, field placements, and match context. Use appropriate cricket terminology and maintain the exciting, dynamic tone that cricket fans expect. Your commentary should be concise yet descriptive, capturing both the action and the atmosphere of the game.",False,Off Stump,Full,Unknown
play type description is run batting team is England bowling team is Australia total runs on delivery is 1 bowler name is Aaron Finch batsman name is Jonny Bairstow over runs is 7 dismissal is False dismissal type is  dismissal text is 7.77 innings wickets is 0  ,"on the back foot, punched firmly back past the bowler once more
","You are an expert cricket commentator. Provide vivid, accurate, and engaging ball-by-ball commentary for cricket matches. Describe the action with technical precision, including details about bowling technique, batting shots, field placements, and match context. Use appropriate cricket terminology and maintain the exciting, dynamic tone that cricket fans expect. Your commentary should be concise yet descriptive, capturing both the action and the atmosphere of the game.",False,Off Stump,Full,Unknown
play type description is four batting team is England bowling team is Australia total runs on delivery is 4 bowler name is Aaron Finch batsman name is Alex Hales over runs is 7 dismissal is False dismissal type is  dismissal text is 7.9 innings wickets is 0  ,"down on one knee, and slapped handsomely through midwicket! A clumping finish to an otherwise effective over
","You are an expert cricket commentator. Provide vivid, accurate, and engaging ball-by-ball commentary for cricket matches. Describe the action with technical precision, including details about bowling technique, batting shots, field placements, and match context. Use appropriate cricket terminology and maintain the exciting, dynamic tone that cricket fans expect. Your commentary should be concise yet descriptive, capturing both the action and the atmosphere of the game.",False,Off Stump,Full,Unknown
play type description is no run batting team is Australia bowling team is England total runs on delivery is 0 bowler name is Moeen Ali batsman name is Aaron Finch over runs is 6 dismissal is False dismissal type is  dismissal text is 6.97 innings wickets is 0  ,"outside off, and tweaking back into a back-foot push
","You are an expert cricket commentator. Provide vivid, accurate, and engaging ball-by-ball commentary for cricket matches. Describe the action with technical precision, including details about bowling technique, batting shots, field placements, and match context. Use appropriate cricket terminology and maintain the exciting, dynamic tone that cricket fans expect. Your commentary should be concise yet descriptive, capturing both the action and the atmosphere of the game.",False,Outside Off,Full,Unknown
play type description is run batting team is Australia bowling team is England total runs on delivery is 1 bowler name is Moeen Ali batsman name is Aaron Finch over runs is 6 dismissal is False dismissal type is  dismissal text is 6.96 innings wickets is 0  ,"onto the front foot this time, and pushed to mid-off
","You are an expert cricket commentator. Provide vivid, accurate, and engaging ball-by-ball commentary for cricket matches. Describe the action with technical precision, including details about bowling technique, batting shots, field placements, and match context. Use appropriate cricket terminology and maintain the exciting, dynamic tone that cricket fans expect. Your commentary should be concise yet descriptive, capturing both the action and the atmosphere of the game.",False,Off Stump,Full,Unknown
play type description is no run batting team is Australia bowling team is England total runs on delivery is 0 bowler name is Moeen Ali batsman name is Aaron Finch over runs is 6 dismissal is False dismissal type is  dismissal text is 7.06 innings wickets is 0  ,"on the back foot, defended back down the pitch
","You are an expert cricket commentator. Provide vivid, accurate, and engaging ball-by-ball commentary for cricket matches. Describe the action with technical precision, including details about bowling technique, batting shots, field placements, and match context. Use appropriate cricket terminology and maintain the exciting, dynamic tone that cricket fans expect. Your commentary should be concise yet descriptive, capturing both the action and the atmosphere of the game.",False,Off Stump,Full,Defend
play type description is run batting team is Australia bowling team is England total runs on delivery is 1 bowler name is Liam Plunkett batsman name is Aaron Finch over runs is 5 dismissal is False dismissal type is  dismissal text is 7.04 innings wickets is 0  ,"flicked to the leg side
","You are an expert cricket commentator. Provide vivid, accurate, and engaging ball-by-ball commentary for cricket matches. Describe the action with technical precision, including details about bowling technique, batting shots, field placements, and match context. Use appropriate cricket terminology and maintain the exciting, dynamic tone that cricket fans expect. Your commentary should be concise yet descriptive, capturing both the action and the atmosphere of the game.",False,Down Leg,Full,Flick
play type description is run batting team is Australia bowling team is England total runs on delivery is 1 bowler name is Liam Plunkett batsman name is Aaron Finch over runs is 5 dismissal is False dismissal type is  dismissal text is 7.02 innings wickets is 0  ,"slower ball, on the pads, tucked out to deep square leg
","You are an expert cricket commentator. Provide vivid, accurate, and engaging ball-by-ball commentary for cricket matches. Describe the action with technical precision, including details about bowling technique, batting shots, field placements, and match context. Use appropriate cricket terminology and maintain the exciting, dynamic tone that cricket fans expect. Your commentary should be concise yet descriptive, capturing both the action and the atmosphere of the game.",False,Down Leg,Full,Unknown
play type description is run batting team is Australia bowling team is England total runs on delivery is 1 bowler name is Moeen Ali batsman name is Aaron Finch over runs is 11 dismissal is False dismissal type is  dismissal text is 7.21 innings wickets is 0  ,"pushed to cover
","You are an expert cricket commentator. Provide vivid, accurate, and engaging ball-by-ball commentary for cricket matches. Describe the action with technical precision, including details about bowling technique, batting shots, field placements, and match context. Use appropriate cricket terminology and maintain the exciting, dynamic tone that cricket fans expect. Your commentary should be concise yet descriptive, capturing both the action and the atmosphere of the game.",False,Off Stump,Full,Unknown
play type description is run batting team is Australia bowling team is England total runs on delivery is 1 bowler name is Moeen Ali batsman name is Aaron Finch over runs is 11 dismissal is False dismissal type is  dismissal text is 7.18 innings wickets is 0  ,"flicked off the toes, out to backward square
","You are an expert cricket commentator. Provide vivid, accurate, and engaging ball-by-ball commentary for cricket matches. Describe the action with technical precision, including details about bowling technique, batting shots, field placements, and match context. Use appropriate cricket terminology and maintain the exciting, dynamic tone that cricket fans expect. Your commentary should be concise yet descriptive, capturing both the action and the atmosphere of the game.",False,Off Stump,Full,Flick
play type description is run batting team is Australia bowling team is England total runs on delivery is 1 bowler name is Liam Plunkett batsman name is Aaron Finch over runs is 5 dismissal is False dismissal type is  dismissal text is 7.15 innings wickets is 0  ,"good length outside off, pushed to cover for a quick single. There's a direct hit from Morgan but Stoinis well home
","You are an expert cricket commentator. Provide vivid, accurate, and engaging ball-by-ball commentary for cricket matches. Describe the action with technical precision, including details about bowling technique, batting shots, field placements, and match context. Use appropriate cricket terminology and maintain the exciting, dynamic tone that cricket fans expect. Your commentary should be concise yet descriptive, capturing both the action and the atmosphere of the game.",False,Outside Off,Good Length,Loft/Smash
play type description is run batting team is Australia bowling team is England total runs on delivery is 1 bowler name is Liam Plunkett batsman name is Aaron Finch over runs is 5 dismissal is False dismissal type is  dismissal text is 7.13 innings wickets is 0  ,"that's a neat pull off the hip down to long leg
","You are an expert cricket commentator. Provide vivid, accurate, and engaging ball-by-ball commentary for cricket matches. Describe the action with technical precision, including details about bowling technique, batting shots, field placements, and match context. Use appropriate cricket terminology and maintain the exciting, dynamic tone that cricket fans expect. Your commentary should be concise yet descriptive, capturing both the action and the atmosphere of the game.",False,Down Leg,Short,Pull
play type description is no run batting team is Australia bowling team is England total runs on delivery is 0 bowler name is Liam Plunkett batsman name is Aaron Finch over runs is 5 dismissal is False dismissal type is  dismissal text is 7.05 innings wickets is 0  ,"very full outside off, sweetly driven square of the wicket but well stopped by Roy at point
","You are an expert cricket commentator. Provide vivid, accurate, and engaging ball-by-ball commentary for cricket matches. Describe the action with technical precision, including details about bowling technique, batting shots, field placements, and match context. Use appropriate cricket terminology and maintain the exciting, dynamic tone that cricket fans expect. Your commentary should be concise yet descriptive, capturing both the action and the atmosphere of the game.",False,Outside Off,Full,Drive
play type description is run batting team is Australia bowling team is England total runs on delivery is 1 bowler name is Adil Rashid batsman name is Aaron Finch over runs is 3 dismissal is False dismissal type is  dismissal text is 6.97 innings wickets is 0  ,"outside off this time, still a touch short, cut to deep cover
","You are an expert cricket commentator. Provide vivid, accurate, and engaging ball-by-ball commentary for cricket matches. Describe the action with technical precision, including details about bowling technique, batting shots, field placements, and match context. Use appropriate cricket terminology and maintain the exciting, dynamic tone that cricket fans expect. Your commentary should be concise yet descriptive, capturing both the action and the atmosphere of the game.",False,Outside Off,Short,Cut
play type description is no run batting team is Australia bowling team is England total runs on delivery is 0 bowler name is Adil Rashid batsman name is Aaron Finch over runs is 3 dismissal is False dismissal type is  dismissal text is 6.9 innings wickets is 0  ,"goes for a square cut to a delivery that skids on and beats the bottom edge
","You are an expert cricket commentator. Provide vivid, accurate, and engaging ball-by-ball commentary for cricket matches. Describe the action with technical precision, including details about bowling technique, batting shots, field placements, and match context. Use appropriate cricket terminology and maintain the exciting, dynamic tone that cricket fans expect. Your commentary should be concise yet descriptive, capturing both the action and the atmosphere of the game.",False,Off Stump,Full,Cut
play type description is no run batting team is Australia bowling team is England total runs on delivery is 0 bowler name is Adil Rashid batsman name is Aaron Finch over runs is 3 dismissal is False dismissal type is  dismissal text is 6.84 innings wickets is 0  ,"<b>just short of the bowler</b> as Finch gets a leading edge, looking to work into the leg side, turns the face of his bat, loops down the on-side of the pitch and Rashid can't quite reach it. Good effort
","You are an expert cricket commentator. Provide vivid, accurate, and engaging ball-by-ball commentary for cricket matches. Describe the action with technical precision, including details about bowling technique, batting shots, field placements, and match context. Use appropriate cricket terminology and maintain the exciting, dynamic tone that cricket fans expect. Your commentary should be concise yet descriptive, capturing both the action and the atmosphere of the game.",False,Down Leg,Full,Unknown
play type description is leg bye batting team is Australia bowling team is England total runs on delivery is 2 bowler name is Liam Plunkett batsman name is Aaron Finch over runs is 13 dismissal is False dismissal type is  dismissal text is 6.82 innings wickets is 2  ,"gets inside the line and nudges this off his hip to deep square and makes it into a second
","You are an expert cricket commentator. Provide vivid, accurate, and engaging ball-by-ball commentary for cricket matches. Describe the action with technical precision, including details about bowling technique, batting shots, field placements, and match context. Use appropriate cricket terminology and maintain the exciting, dynamic tone that cricket fans expect. Your commentary should be concise yet descriptive, capturing both the action and the atmosphere of the game.",False,Off Stump,Full,Unknown
play type description is six batting team is Australia bowling team is England total runs on delivery is 6 bowler name is Liam Plunkett batsman name is Aaron Finch over runs is 13 dismissal is False dismissal type is  dismissal text is 7.06 innings wickets is 0  ,"lovely wrist work from Finch, whips a back-of-a-length delivery behind square on the leg side and he's timed it perfectly
","You are an expert cricket commentator. Provide vivid, accurate, and engaging ball-by-ball commentary for cricket matches. Describe the action with technical precision, including details about bowling technique, batting shots, field placements, and match context. Use appropriate cricket terminology and maintain the exciting, dynamic tone that cricket fans expect. Your commentary should be concise yet descriptive, capturing both the action and the atmosphere of the game.",False,Down Leg,Good Length,Unknown
play type description is no run batting team is Australia bowling team is England total runs on delivery is 0 bowler name is Liam Plunkett batsman name is Aaron Finch over runs is 13 dismissal is False dismissal type is  dismissal text is 7.0 innings wickets is 0  ,"back of a length outside off, he adjust the line, defended to cover
","You are an expert cricket commentator. Provide vivid, accurate, and engaging ball-by-ball commentary for cricket matches. Describe the action with technical precision, including details about bowling technique, batting shots, field placements, and match context. Use appropriate cricket terminology and maintain the exciting, dynamic tone that cricket fans expect. Your commentary should be concise yet descriptive, capturing both the action and the atmosphere of the game.",False,Outside Off,Short,Defend
play type description is leg bye batting team is Australia bowling team is England total runs on delivery is 4 bowler name is Liam Plunkett batsman name is Aaron Finch over runs is 13 dismissal is False dismissal type is  dismissal text is 7.15 innings wickets is 4  ,"angled down the leg side, that's a poor delivery, doesn't make contact with the bat but deflects off the thigh guard to fine leg
","You are an expert cricket commentator. Provide vivid, accurate, and engaging ball-by-ball commentary for cricket matches. Describe the action with technical precision, including details about bowling technique, batting shots, field placements, and match context. Use appropriate cricket terminology and maintain the exciting, dynamic tone that cricket fans expect. Your commentary should be concise yet descriptive, capturing both the action and the atmosphere of the game.",False,Down Leg,Full,Unknown
play type description is six batting team is Australia bowling team is England total runs on delivery is 6 bowler name is Adil Rashid batsman name is Aaron Finch over runs is 11 dismissal is False dismissal type is  dismissal text is 7.41 innings wickets is 0  ,"that's muscled down the ground over long-on...Finch stayed in his crease and just levered through the line from a strong base
","You are an expert cricket commentator. Provide vivid, accurate, and engaging ball-by-ball commentary for cricket matches. Describe the action with technical precision, including details about bowling technique, batting shots, field placements, and match context. Use appropriate cricket terminology and maintain the exciting, dynamic tone that cricket fans expect. Your commentary should be concise yet descriptive, capturing both the action and the atmosphere of the game.",False,Off Stump,Full,Loft/Smash
play type description is out batting team is Australia bowling team is England total runs on delivery is 0 bowler name is Adil Rashid batsman name is Aaron Finch over runs is 11 dismissal is True dismissal type is bowled dismissal text is 7.35 innings wickets is 0  ,"<B>done him this time!</b> He tosses it up much slower, Finch goes for another big shot down the ground and is completely done in the air. Lovely stuff from the leggie, even if he does have the cushion of a mountain of runs
","You are an expert cricket commentator. Provide vivid, accurate, and engaging ball-by-ball commentary for cricket matches. Describe the action with technical precision, including details about bowling technique, batting shots, field placements, and match context. Use appropriate cricket terminology and maintain the exciting, dynamic tone that cricket fans expect. Your commentary should be concise yet descriptive, capturing both the action and the atmosphere of the game.",True,Off Stump,Full,Unknown
play type description is no run batting team is Australia bowling team is India total runs on delivery is 0 bowler name is Jasprit Bumrah batsman name is Aaron Finch over runs is 7 dismissal is False dismissal type is  dismissal text is 6.85 innings wickets is 0  ,"leans into a fine-looking drive, but mid-off is there to play party pooper
","You are an expert cricket commentator. Provide vivid, accurate, and engaging ball-by-ball commentary for cricket matches. Describe the action with technical precision, including details about bowling technique, batting shots, field placements, and match context. Use appropriate cricket terminology and maintain the exciting, dynamic tone that cricket fans expect. Your commentary should be concise yet descriptive, capturing both the action and the atmosphere of the game.",False,Off Stump,Full,Drive
play type description is no run batting team is Australia bowling team is India total runs on delivery is 0 bowler name is Jasprit Bumrah batsman name is Aaron Finch over runs is 7 dismissal is False dismissal type is  dismissal text is 6.0 innings wickets is 0  ,"punches towards cover
","You are an expert cricket commentator. Provide vivid, accurate, and engaging ball-by-ball commentary for cricket matches. Describe the action with technical precision, including details about bowling technique, batting shots, field placements, and match context. Use appropriate cricket terminology and maintain the exciting, dynamic tone that cricket fans expect. Your commentary should be concise yet descriptive, capturing both the action and the atmosphere of the game.",False,Off Stump,Full,Unknown
play type description is four batting team is Australia bowling team is India total runs on delivery is 4 bowler name is Jasprit Bumrah batsman name is Aaron Finch over runs is 7 dismissal is False dismissal type is  dismissal text is 8.0 innings wickets is 0  ,"width - so much that Finch has to reach out to meet it and even then he makes contact with only the bottom of the bat. Still enough strength in the shot to send the ball scurrying to the cover boundary
","You are an expert cricket commentator. Provide vivid, accurate, and engaging ball-by-ball commentary for cricket matches. Describe the action with technical precision, including details about bowling technique, batting shots, field placements, and match context. Use appropriate cricket terminology and maintain the exciting, dynamic tone that cricket fans expect. Your commentary should be concise yet descriptive, capturing both the action and the atmosphere of the game.",False,Unknown,Full,Unknown
play type description is run batting team is Australia bowling team is India total runs on delivery is 1 bowler name is Jasprit Bumrah batsman name is Aaron Finch over runs is 7 dismissal is False dismissal type is  dismissal text is 7.8 innings wickets is 0  ,"slip was removed after that boundary, and predictably out comes the outside edge. Wouldn't have mattered though because the ball wanders out well wide of that position to third man
","You are an expert cricket commentator. Provide vivid, accurate, and engaging ball-by-ball commentary for cricket matches. Describe the action with technical precision, including details about bowling technique, batting shots, field placements, and match context. Use appropriate cricket terminology and maintain the exciting, dynamic tone that cricket fans expect. Your commentary should be concise yet descriptive, capturing both the action and the atmosphere of the game.",False,Outside Off,Full,Unknown
play type description is run batting team is Australia bowling team is India total runs on delivery is 1 bowler name is Jasprit Bumrah batsman name is Aaron Finch over runs is 7 dismissal is False dismissal type is  dismissal text is 7.5 innings wickets is 0  ,"blocks into the covers to retain strike
","You are an expert cricket commentator. Provide vivid, accurate, and engaging ball-by-ball commentary for cricket matches. Describe the action with technical precision, including details about bowling technique, batting shots, field placements, and match context. Use appropriate cricket terminology and maintain the exciting, dynamic tone that cricket fans expect. Your commentary should be concise yet descriptive, capturing both the action and the atmosphere of the game.",False,Off Stump,Full,Defend
play type description is no run batting team is Australia bowling team is India total runs on delivery is 0 bowler name is Hardik Pandya batsman name is Aaron Finch over runs is 10 dismissal is False dismissal type is  dismissal text is 6.92 innings wickets is 0  ,"nice and tight on middle, Finch clips it to midwicket
","You are an expert cricket commentator. Provide vivid, accurate, and engaging ball-by-ball commentary for cricket matches. Describe the action with technical precision, including details about bowling technique, batting shots, field placements, and match context. Use appropriate cricket terminology and maintain the exciting, dynamic tone that cricket fans expect. Your commentary should be concise yet descriptive, capturing both the action and the atmosphere of the game.",False,Middle Stump,Full,Unknown
play type description is run batting team is Australia bowling team is India total runs on delivery is 2 bowler name is Hardik Pandya batsman name is Aaron Finch over runs is 10 dismissal is False dismissal type is  dismissal text is 7.28 innings wickets is 0  ,"forceful shot down the ground, going for the shot simply because of the ball being outside off.  But it is not a half-volley and it thuds into the bat, making it twist in Finch's hand, and as a result the ball only just clears mid-on
","You are an expert cricket commentator. Provide vivid, accurate, and engaging ball-by-ball commentary for cricket matches. Describe the action with technical precision, including details about bowling technique, batting shots, field placements, and match context. Use appropriate cricket terminology and maintain the exciting, dynamic tone that cricket fans expect. Your commentary should be concise yet descriptive, capturing both the action and the atmosphere of the game.",False,Outside Off,Full,Loft/Smash
play type description is no run batting team is Australia bowling team is India total runs on delivery is 0 bowler name is Hardik Pandya batsman name is Aaron Finch over runs is 10 dismissal is False dismissal type is  dismissal text is 6.8 innings wickets is 0  ,"pushes down the ground
","You are an expert cricket commentator. Provide vivid, accurate, and engaging ball-by-ball commentary for cricket matches. Describe the action with technical precision, including details about bowling technique, batting shots, field placements, and match context. Use appropriate cricket terminology and maintain the exciting, dynamic tone that cricket fans expect. Your commentary should be concise yet descriptive, capturing both the action and the atmosphere of the game.",False,Off Stump,Full,Unknown
play type description is no run batting team is Australia bowling team is India total runs on delivery is 0 bowler name is Hardik Pandya batsman name is Aaron Finch over runs is 10 dismissal is False dismissal type is  dismissal text is 6.37 innings wickets is 0  ,"short and outside off, cuts to point
","You are an expert cricket commentator. Provide vivid, accurate, and engaging ball-by-ball commentary for cricket matches. Describe the action with technical precision, including details about bowling technique, batting shots, field placements, and match context. Use appropriate cricket terminology and maintain the exciting, dynamic tone that cricket fans expect. Your commentary should be concise yet descriptive, capturing both the action and the atmosphere of the game.",False,Outside Off,Short,Cut
play type description is four batting team is Australia bowling team is India total runs on delivery is 4 bowler name is Hardik Pandya batsman name is Aaron Finch over runs is 10 dismissal is False dismissal type is  dismissal text is 7.41 innings wickets is 0  ,"lifts it over point, considering the ring there is congested with infielders. The knuckle ball, lashed to the boundary
","You are an expert cricket commentator. Provide vivid, accurate, and engaging ball-by-ball commentary for cricket matches. Describe the action with technical precision, including details about bowling technique, batting shots, field placements, and match context. Use appropriate cricket terminology and maintain the exciting, dynamic tone that cricket fans expect. Your commentary should be concise yet descriptive, capturing both the action and the atmosphere of the game.",False,Off Stump,Full,Unknown
play type description is four batting team is Australia bowling team is India total runs on delivery is 4 bowler name is Hardik Pandya batsman name is Aaron Finch over runs is 10 dismissal is False dismissal type is  dismissal text is 8.33 innings wickets is 0  ,"now he goes along the ground, and picks the gap between points backward and orthodox. Gorgeous cut shot
","You are an expert cricket commentator. Provide vivid, accurate, and engaging ball-by-ball commentary for cricket matches. Describe the action with technical precision, including details about bowling technique, batting shots, field placements, and match context. Use appropriate cricket terminology and maintain the exciting, dynamic tone that cricket fans expect. Your commentary should be concise yet descriptive, capturing both the action and the atmosphere of the game.",False,Off Stump,Full,Cut
play type description is run batting team is Australia bowling team is India total runs on delivery is 1 bowler name is Bhuvneshwar Kumar batsman name is Aaron Finch over runs is 3 dismissal is False dismissal type is  dismissal text is 7.71 innings wickets is 0  ,"tucks up the right-hander with a good length ball, Finch defuses it down the ground to mid-on
","You are an expert cricket commentator. Provide vivid, accurate, and engaging ball-by-ball commentary for cricket matches. Describe the action with technical precision, including details about bowling technique, batting shots, field placements, and match context. Use appropriate cricket terminology and maintain the exciting, dynamic tone that cricket fans expect. Your commentary should be concise yet descriptive, capturing both the action and the atmosphere of the game.",False,Off Stump,Good Length,Unknown
play type description is run batting team is Australia bowling team is India total runs on delivery is 1 bowler name is Jasprit Bumrah batsman name is Aaron Finch over runs is 8 dismissal is False dismissal type is  dismissal text is 6.66 innings wickets is 0  ,"
","You are an expert cricket commentator. Provide vivid, accurate, and engaging ball-by-ball commentary for cricket matches. Describe the action with technical precision, including details about bowling technique, batting shots, field placements, and match context. Use appropriate cricket terminology and maintain the exciting, dynamic tone that cricket fans expect. Your commentary should be concise yet descriptive, capturing both the action and the atmosphere of the game.",False,Off Stump,Full,Unknown
play type description is run batting team is Australia bowling team is India total runs on delivery is 2 bowler name is Jasprit Bumrah batsman name is Aaron Finch over runs is 8 dismissal is False dismissal type is  dismissal text is 7.03 innings wickets is 0  ,"slower ball, outside off, Finch is fooled as he thinks this is ripe to loft over cover. In the end, he finds a couple at deep midwicket
","You are an expert cricket commentator. Provide vivid, accurate, and engaging ball-by-ball commentary for cricket matches. Describe the action with technical precision, including details about bowling technique, batting shots, field placements, and match context. Use appropriate cricket terminology and maintain the exciting, dynamic tone that cricket fans expect. Your commentary should be concise yet descriptive, capturing both the action and the atmosphere of the game.",False,Outside Off,Full,Loft/Smash
play type description is run batting team is Australia bowling team is India total runs on delivery is 2 bowler name is Jasprit Bumrah batsman name is Aaron Finch over runs is 8 dismissal is False dismissal type is  dismissal text is 7.2 innings wickets is 0  ,"full on middle, Finch clips it smartly behind square leg.
","You are an expert cricket commentator. Provide vivid, accurate, and engaging ball-by-ball commentary for cricket matches. Describe the action with technical precision, including details about bowling technique, batting shots, field placements, and match context. Use appropriate cricket terminology and maintain the exciting, dynamic tone that cricket fans expect. Your commentary should be concise yet descriptive, capturing both the action and the atmosphere of the game.",False,Middle Stump,Full,Unknown
play type description is run batting team is Australia bowling team is India total runs on delivery is 2 bowler name is Hardik Pandya batsman name is Aaron Finch over runs is 13 dismissal is False dismissal type is  dismissal text is 7.81 innings wickets is 0  ,"places it neatly through the gap at midwicket for a couple. Finch going at a higher strike-rate, playing proper shots than his partner
","You are an expert cricket commentator. Provide vivid, accurate, and engaging ball-by-ball commentary for cricket matches. Describe the action with technical precision, including details about bowling technique, batting shots, field placements, and match context. Use appropriate cricket terminology and maintain the exciting, dynamic tone that cricket fans expect. Your commentary should be concise yet descriptive, capturing both the action and the atmosphere of the game.",False,Off Stump,Full,Unknown
play type description is four batting team is Australia bowling team is India total runs on delivery is 4 bowler name is Hardik Pandya batsman name is Aaron Finch over runs is 13 dismissal is False dismissal type is  dismissal text is 8.29 innings wickets is 0  ,"floats it up in the batsman's half and Finch takes full toll. An off drive of the highest quality. All along the ground. No chance for the fielder, moving to his right from mid-off
","You are an expert cricket commentator. Provide vivid, accurate, and engaging ball-by-ball commentary for cricket matches. Describe the action with technical precision, including details about bowling technique, batting shots, field placements, and match context. Use appropriate cricket terminology and maintain the exciting, dynamic tone that cricket fans expect. Your commentary should be concise yet descriptive, capturing both the action and the atmosphere of the game.",False,Off Stump,Full,Drive
play type description is run batting team is Australia bowling team is India total runs on delivery is 1 bowler name is Hardik Pandya batsman name is Aaron Finch over runs is 13 dismissal is False dismissal type is  dismissal text is 8.22 innings wickets is 0  ,"taps a fuller delivery on middle past Rohit's right at short midwicket
","You are an expert cricket commentator. Provide vivid, accurate, and engaging ball-by-ball commentary for cricket matches. Describe the action with technical precision, including details about bowling technique, batting shots, field placements, and match context. Use appropriate cricket terminology and maintain the exciting, dynamic tone that cricket fans expect. Your commentary should be concise yet descriptive, capturing both the action and the atmosphere of the game.",False,Middle Stump,Short,Unknown
play type description is run batting team is Australia bowling team is India total runs on delivery is 1 bowler name is Yuzvendra Chahal batsman name is Aaron Finch over runs is 8 dismissal is False dismissal type is  dismissal text is 8.34 innings wickets is 0  ,"rocks back and cuts a shortish delivery through cover
","You are an expert cricket commentator. Provide vivid, accurate, and engaging ball-by-ball commentary for cricket matches. Describe the action with technical precision, including details about bowling technique, batting shots, field placements, and match context. Use appropriate cricket terminology and maintain the exciting, dynamic tone that cricket fans expect. Your commentary should be concise yet descriptive, capturing both the action and the atmosphere of the game.",False,Off Stump,Full,Cut
play type description is no run batting team is Australia bowling team is India total runs on delivery is 0 bowler name is Kuldeep Yadav batsman name is Aaron Finch over runs is 5 dismissal is False dismissal type is  dismissal text is 7.95 innings wickets is 0  ,"tosses it up, and Finch goes for the lap sweep, but is struck on the front pad. Impact outside off stump so Kuldeep wastes an appeal
","You are an expert cricket commentator. Provide vivid, accurate, and engaging ball-by-ball commentary for cricket matches. Describe the action with technical precision, including details about bowling technique, batting shots, field placements, and match context. Use appropriate cricket terminology and maintain the exciting, dynamic tone that cricket fans expect. Your commentary should be concise yet descriptive, capturing both the action and the atmosphere of the game.",False,Outside Off,Full,Sweep
play type description is run batting team is Australia bowling team is India total runs on delivery is 1 bowler name is Kuldeep Yadav batsman name is Aaron Finch over runs is 5 dismissal is False dismissal type is  dismissal text is 7.9 innings wickets is 0  ,"another sweep, but this ball, being on leg stump, is better to be put away by that shot. Single to deep square leg
","You are an expert cricket commentator. Provide vivid, accurate, and engaging ball-by-ball commentary for cricket matches. Describe the action with technical precision, including details about bowling technique, batting shots, field placements, and match context. Use appropriate cricket terminology and maintain the exciting, dynamic tone that cricket fans expect. Your commentary should be concise yet descriptive, capturing both the action and the atmosphere of the game.",False,Leg Stump,Full,Sweep
play type description is run batting team is Australia bowling team is India total runs on delivery is 1 bowler name is Kuldeep Yadav batsman name is Aaron Finch over runs is 5 dismissal is False dismissal type is  dismissal text is 7.82 innings wickets is 0  ,"good length ball on middle, Finch sweeps to long leg
","You are an expert cricket commentator. Provide vivid, accurate, and engaging ball-by-ball commentary for cricket matches. Describe the action with technical precision, including details about bowling technique, batting shots, field placements, and match context. Use appropriate cricket terminology and maintain the exciting, dynamic tone that cricket fans expect. Your commentary should be concise yet descriptive, capturing both the action and the atmosphere of the game.",False,Middle Stump,Good Length,Sweep
play type description is run batting team is Australia bowling team is India total runs on delivery is 1 bowler name is Kuldeep Yadav batsman name is Aaron Finch over runs is 5 dismissal is False dismissal type is  dismissal text is 7.75 innings wickets is 0  ,"four balls played, four sweeps used in the battle of Finch v Kuldeep. Single to deep square leg
","You are an expert cricket commentator. Provide vivid, accurate, and engaging ball-by-ball commentary for cricket matches. Describe the action with technical precision, including details about bowling technique, batting shots, field placements, and match context. Use appropriate cricket terminology and maintain the exciting, dynamic tone that cricket fans expect. Your commentary should be concise yet descriptive, capturing both the action and the atmosphere of the game.",False,Unknown,Full,Sweep
play type description is no run batting team is Australia bowling team is India total runs on delivery is 0 bowler name is Yuzvendra Chahal batsman name is Aaron Finch over runs is 10 dismissal is False dismissal type is  dismissal text is 7.59 innings wickets is 0  ,"slow through the air, and he keeps it outside off. Finch, backing away, goes for the cut, but that premeditated movement ruins his timing because it took him too far away from the ball
","You are an expert cricket commentator. Provide vivid, accurate, and engaging ball-by-ball commentary for cricket matches. Describe the action with technical precision, including details about bowling technique, batting shots, field placements, and match context. Use appropriate cricket terminology and maintain the exciting, dynamic tone that cricket fans expect. Your commentary should be concise yet descriptive, capturing both the action and the atmosphere of the game.",False,Outside Off,Full,Cut
play type description is six batting team is Australia bowling team is India total runs on delivery is 6 bowler name is Yuzvendra Chahal batsman name is Aaron Finch over runs is 10 dismissal is False dismissal type is  dismissal text is 8.16 innings wickets is 0  ,"smokes it over deep midwicket. A slog sweep with all the power in the world. Chahal sets up the shot, though, by tossing the ball up and outside off. He's so far bowled flatter and outside off, hoping to deny batsmen the chance to get under the ball
","You are an expert cricket commentator. Provide vivid, accurate, and engaging ball-by-ball commentary for cricket matches. Describe the action with technical precision, including details about bowling technique, batting shots, field placements, and match context. Use appropriate cricket terminology and maintain the exciting, dynamic tone that cricket fans expect. Your commentary should be concise yet descriptive, capturing both the action and the atmosphere of the game.",False,Outside Off,Full,Sweep
play type description is run batting team is Australia bowling team is India total runs on delivery is 1 bowler name is Yuzvendra Chahal batsman name is Aaron Finch over runs is 10 dismissal is False dismissal type is  dismissal text is 8.11 innings wickets is 0  ,"flat-bats a short ball to long-off
","You are an expert cricket commentator. Provide vivid, accurate, and engaging ball-by-ball commentary for cricket matches. Describe the action with technical precision, including details about bowling technique, batting shots, field placements, and match context. Use appropriate cricket terminology and maintain the exciting, dynamic tone that cricket fans expect. Your commentary should be concise yet descriptive, capturing both the action and the atmosphere of the game.",False,Off Stump,Short,Unknown
play type description is wide batting team is Australia bowling team is India total runs on delivery is 1 bowler name is Yuzvendra Chahal batsman name is Aaron Finch over runs is 10 dismissal is False dismissal type is  dismissal text is 8.19 innings wickets is 0  ,"skids straight on as he pitches a quick, good length ball on leg stump and it goes further down into Dhoni's gloves
","You are an expert cricket commentator. Provide vivid, accurate, and engaging ball-by-ball commentary for cricket matches. Describe the action with technical precision, including details about bowling technique, batting shots, field placements, and match context. Use appropriate cricket terminology and maintain the exciting, dynamic tone that cricket fans expect. Your commentary should be concise yet descriptive, capturing both the action and the atmosphere of the game.",False,Leg Stump,Good Length,Unknown
play type description is no run batting team is Australia bowling team is India total runs on delivery is 0 bowler name is Yuzvendra Chahal batsman name is Aaron Finch over runs is 10 dismissal is False dismissal type is  dismissal text is 8.03 innings wickets is 0  ,"nudges a good length ball to midwicket
","You are an expert cricket commentator. Provide vivid, accurate, and engaging ball-by-ball commentary for cricket matches. Describe the action with technical precision, including details about bowling technique, batting shots, field placements, and match context. Use appropriate cricket terminology and maintain the exciting, dynamic tone that cricket fans expect. Your commentary should be concise yet descriptive, capturing both the action and the atmosphere of the game.",False,Off Stump,Good Length,Unknown
play type description is run batting team is Australia bowling team is India total runs on delivery is 1 bowler name is Yuzvendra Chahal batsman name is Aaron Finch over runs is 10 dismissal is False dismissal type is  dismissal text is 8.0 innings wickets is 0  ,"another slider - and it's pitched perfect - on a good length on middle stump. Finch is backing away, but to his credit  he meets the ball with a straight bat and as a result finds a single to long-off. Good batting.
","You are an expert cricket commentator. Provide vivid, accurate, and engaging ball-by-ball commentary for cricket matches. Describe the action with technical precision, including details about bowling technique, batting shots, field placements, and match context. Use appropriate cricket terminology and maintain the exciting, dynamic tone that cricket fans expect. Your commentary should be concise yet descriptive, capturing both the action and the atmosphere of the game.",False,Middle Stump,Good Length,Unknown
play type description is run batting team is Australia bowling team is India total runs on delivery is 1 bowler name is Kuldeep Yadav batsman name is Aaron Finch over runs is 5 dismissal is False dismissal type is  dismissal text is 7.96 innings wickets is 0  ,"the sweeps seems to be the only shot he wants to play against the wristspinners. Yanks a full delivery outside off to deep square leg
","You are an expert cricket commentator. Provide vivid, accurate, and engaging ball-by-ball commentary for cricket matches. Describe the action with technical precision, including details about bowling technique, batting shots, field placements, and match context. Use appropriate cricket terminology and maintain the exciting, dynamic tone that cricket fans expect. Your commentary should be concise yet descriptive, capturing both the action and the atmosphere of the game.",False,Outside Off,Full,Sweep
play type description is out batting team is Australia bowling team is India total runs on delivery is 0 bowler name is Kuldeep Yadav batsman name is Aaron Finch over runs is 5 dismissal is True dismissal type is bowled dismissal text is 7.72 innings wickets is 0  ,"bowled im! This is splendid bowling from Kuldeep. He's assessed that Finch has decided it will be sweep or nothing tonight against spin and loads up for the shot again. But this ball is a too full. it's too close. It demands a straight bat but by the time the alarm bells ring in Finch's head, he sees red behind him. The other thing Kuldeep did well is bowl it quicker so the batsman didn't have the time to adjust
","You are an expert cricket commentator. Provide vivid, accurate, and engaging ball-by-ball commentary for cricket matches. Describe the action with technical precision, including details about bowling technique, batting shots, field placements, and match context. Use appropriate cricket terminology and maintain the exciting, dynamic tone that cricket fans expect. Your commentary should be concise yet descriptive, capturing both the action and the atmosphere of the game.",True,Off Stump,Full,Sweep
play type description is run batting team is Australia bowling team is Pakistan total runs on delivery is 3 bowler name is Faheem Ashraf batsman name is Aaron Finch over runs is 5 dismissal is False dismissal type is  dismissal text is 9.42 innings wickets is 0  ,"banged in short and outside off , Finch is rushed into a hook and hence top-edges it in the air over the leg side. Two men converge as the ball swirls away in the air. Malik and Amir are the fielders. It would have been a simpler catch for Amir, but Malik eventually lunges out for the ball and drops it. <b>Finch dropped first ball in the final</b>. What a play in Harare! How much will it cost Pakistan?
","You are an expert cricket commentator. Provide vivid, accurate, and engaging ball-by-ball commentary for cricket matches. Describe the action with technical precision, including details about bowling technique, batting shots, field placements, and match context. Use appropriate cricket terminology and maintain the exciting, dynamic tone that cricket fans expect. Your commentary should be concise yet descriptive, capturing both the action and the atmosphere of the game.",False,Outside Off,Short,Hook
play type description is run batting team is Australia bowling team is Pakistan total runs on delivery is 1 bowler name is Faheem Ashraf batsman name is Aaron Finch over runs is 5 dismissal is False dismissal type is  dismissal text is 6.5 innings wickets is 0  ,"short and cramps Finch for room, fended off the body to the leg side
","You are an expert cricket commentator. Provide vivid, accurate, and engaging ball-by-ball commentary for cricket matches. Describe the action with technical precision, including details about bowling technique, batting shots, field placements, and match context. Use appropriate cricket terminology and maintain the exciting, dynamic tone that cricket fans expect. Your commentary should be concise yet descriptive, capturing both the action and the atmosphere of the game.",False,Down Leg,Short,Unknown
play type description is run batting team is Australia bowling team is Pakistan total runs on delivery is 2 bowler name is Mohammad Amir batsman name is Aaron Finch over runs is 9 dismissal is False dismissal type is  dismissal text is 6.92 innings wickets is 0  ,"back of a length and slanting away outside off with the angle from over the stumps, Finch gets on top of the ball and laces it away to the right of deep third man
","You are an expert cricket commentator. Provide vivid, accurate, and engaging ball-by-ball commentary for cricket matches. Describe the action with technical precision, including details about bowling technique, batting shots, field placements, and match context. Use appropriate cricket terminology and maintain the exciting, dynamic tone that cricket fans expect. Your commentary should be concise yet descriptive, capturing both the action and the atmosphere of the game.",False,Outside Off,Short,Unknown
play type description is run batting team is Australia bowling team is Pakistan total runs on delivery is 1 bowler name is Mohammad Amir batsman name is Aaron Finch over runs is 9 dismissal is False dismissal type is  dismissal text is 6.85 innings wickets is 0  ,"on a length and angling across off, forced off the back foot to the covers
","You are an expert cricket commentator. Provide vivid, accurate, and engaging ball-by-ball commentary for cricket matches. Describe the action with technical precision, including details about bowling technique, batting shots, field placements, and match context. Use appropriate cricket terminology and maintain the exciting, dynamic tone that cricket fans expect. Your commentary should be concise yet descriptive, capturing both the action and the atmosphere of the game.",False,Off Stump,Short,Defend
play type description is run batting team is Australia bowling team is Pakistan total runs on delivery is 1 bowler name is Mohammad Amir batsman name is Aaron Finch over runs is 9 dismissal is False dismissal type is  dismissal text is 7.76 innings wickets is 0  ,"back of a length and outside off, Finch taps it wide of point for a single
","You are an expert cricket commentator. Provide vivid, accurate, and engaging ball-by-ball commentary for cricket matches. Describe the action with technical precision, including details about bowling technique, batting shots, field placements, and match context. Use appropriate cricket terminology and maintain the exciting, dynamic tone that cricket fans expect. Your commentary should be concise yet descriptive, capturing both the action and the atmosphere of the game.",False,Outside Off,Short,Unknown
play type description is no run batting team is Australia bowling team is Pakistan total runs on delivery is 0 bowler name is Faheem Ashraf batsman name is Aaron Finch over runs is 7 dismissal is False dismissal type is  dismissal text is 6.94 innings wickets is 0  ,"on a length and outside off, flashed to the covers
","You are an expert cricket commentator. Provide vivid, accurate, and engaging ball-by-ball commentary for cricket matches. Describe the action with technical precision, including details about bowling technique, batting shots, field placements, and match context. Use appropriate cricket terminology and maintain the exciting, dynamic tone that cricket fans expect. Your commentary should be concise yet descriptive, capturing both the action and the atmosphere of the game.",False,Outside Off,Short,Unknown
play type description is run batting team is Australia bowling team is Pakistan total runs on delivery is 1 bowler name is Faheem Ashraf batsman name is Aaron Finch over runs is 7 dismissal is False dismissal type is  dismissal text is 6.9 innings wickets is 0  ,"Ashraf hits a hard length on middle - neither cuttable nor pullable - dragged away to the leg side for one
","You are an expert cricket commentator. Provide vivid, accurate, and engaging ball-by-ball commentary for cricket matches. Describe the action with technical precision, including details about bowling technique, batting shots, field placements, and match context. Use appropriate cricket terminology and maintain the exciting, dynamic tone that cricket fans expect. Your commentary should be concise yet descriptive, capturing both the action and the atmosphere of the game.",False,Middle Stump,Short,Unknown
play type description is no run batting team is Australia bowling team is Pakistan total runs on delivery is 0 bowler name is Faheem Ashraf batsman name is Aaron Finch over runs is 7 dismissal is False dismissal type is  dismissal text is 6.52 innings wickets is 0  ,"back of a length, angling in at off stump, then seaming away outside off, Finch nearly swings himself off his feet as he looks to club it over the midwicket boundary. Beaten lavishly in the end
","You are an expert cricket commentator. Provide vivid, accurate, and engaging ball-by-ball commentary for cricket matches. Describe the action with technical precision, including details about bowling technique, batting shots, field placements, and match context. Use appropriate cricket terminology and maintain the exciting, dynamic tone that cricket fans expect. Your commentary should be concise yet descriptive, capturing both the action and the atmosphere of the game.",False,Outside Off,Short,Unknown
play type description is four batting team is Australia bowling team is Pakistan total runs on delivery is 4 bowler name is Faheem Ashraf batsman name is Aaron Finch over runs is 7 dismissal is False dismissal type is  dismissal text is 7.25 innings wickets is 0  ,"back of a length and holds its line on off stump, Finch lines it up and successfully clubs it away wide of deep square leg. How's Shoaib Malik feeling?
","You are an expert cricket commentator. Provide vivid, accurate, and engaging ball-by-ball commentary for cricket matches. Describe the action with technical precision, including details about bowling technique, batting shots, field placements, and match context. Use appropriate cricket terminology and maintain the exciting, dynamic tone that cricket fans expect. Your commentary should be concise yet descriptive, capturing both the action and the atmosphere of the game.",False,Off Stump,Short,Unknown
play type description is run batting team is Australia bowling team is Pakistan total runs on delivery is 2 bowler name is Hasan Ali batsman name is Aaron Finch over runs is 9 dismissal is False dismissal type is  dismissal text is 7.44 innings wickets is 0  ,"Pakistan's fielding has been horrid this morning. Misfield at mid-on. Sarfraz is peeved. Back of a length and outside off, heaved across the line to mid-on, where <strong>Nawaz takes his eyes off the ball and earns the wrath of Sarfraz</strong>
","You are an expert cricket commentator. Provide vivid, accurate, and engaging ball-by-ball commentary for cricket matches. Describe the action with technical precision, including details about bowling technique, batting shots, field placements, and match context. Use appropriate cricket terminology and maintain the exciting, dynamic tone that cricket fans expect. Your commentary should be concise yet descriptive, capturing both the action and the atmosphere of the game.",False,Outside Off,Short,Unknown
play type description is run batting team is Australia bowling team is Pakistan total runs on delivery is 2 bowler name is Hasan Ali batsman name is Aaron Finch over runs is 9 dismissal is False dismissal type is  dismissal text is 7.6 innings wickets is 0  ,"banged in on middle, chest-hunting ball, cramps Finch for room, beats him for pace, and draws a top edge that swirls away from the keeper running back
","You are an expert cricket commentator. Provide vivid, accurate, and engaging ball-by-ball commentary for cricket matches. Describe the action with technical precision, including details about bowling technique, batting shots, field placements, and match context. Use appropriate cricket terminology and maintain the exciting, dynamic tone that cricket fans expect. Your commentary should be concise yet descriptive, capturing both the action and the atmosphere of the game.",False,Middle Stump,Short,Unknown
play type description is run batting team is Australia bowling team is Pakistan total runs on delivery is 1 bowler name is Faheem Ashraf batsman name is Aaron Finch over runs is 16 dismissal is False dismissal type is  dismissal text is 8.36 innings wickets is 0  ,"just short of a good length on leg stump, and Finch swats it away like a fly to deep square leg. Just a single, though
","You are an expert cricket commentator. Provide vivid, accurate, and engaging ball-by-ball commentary for cricket matches. Describe the action with technical precision, including details about bowling technique, batting shots, field placements, and match context. Use appropriate cricket terminology and maintain the exciting, dynamic tone that cricket fans expect. Your commentary should be concise yet descriptive, capturing both the action and the atmosphere of the game.",False,Leg Stump,Good Length,Unknown
play type description is run batting team is Australia bowling team is Pakistan total runs on delivery is 1 bowler name is Shaheen Afridi batsman name is Aaron Finch over runs is 14 dismissal is False dismissal type is  dismissal text is 8.91 innings wickets is 0  ,"Afridi hits a hard length and gets the ball to angle away outside off, Finch hops and jams to cover
","You are an expert cricket commentator. Provide vivid, accurate, and engaging ball-by-ball commentary for cricket matches. Describe the action with technical precision, including details about bowling technique, batting shots, field placements, and match context. Use appropriate cricket terminology and maintain the exciting, dynamic tone that cricket fans expect. Your commentary should be concise yet descriptive, capturing both the action and the atmosphere of the game.",False,Outside Off,Short,Unknown
play type description is six batting team is Australia bowling team is Pakistan total runs on delivery is 6 bowler name is Shaheen Afridi batsman name is Aaron Finch over runs is 14 dismissal is False dismissal type is  dismissal text is 9.53 innings wickets is 0  ,"Finch forays down the track, Afridi drags his length back and targets the body of the batsman. <strong>Top-edges it over fine leg's head for six</strong>
","You are an expert cricket commentator. Provide vivid, accurate, and engaging ball-by-ball commentary for cricket matches. Describe the action with technical precision, including details about bowling technique, batting shots, field placements, and match context. Use appropriate cricket terminology and maintain the exciting, dynamic tone that cricket fans expect. Your commentary should be concise yet descriptive, capturing both the action and the atmosphere of the game.",False,Down Leg,Short,Unknown
play type description is four batting team is Australia bowling team is Pakistan total runs on delivery is 4 bowler name is Shaheen Afridi batsman name is Aaron Finch over runs is 14 dismissal is False dismissal type is  dismissal text is 9.9 innings wickets is 0  ,"on a length and angling away outside off, Finch has a crack at it. And shovels in the air past the right of midwicket. The bottom hand doing all the work to generate strength
","You are an expert cricket commentator. Provide vivid, accurate, and engaging ball-by-ball commentary for cricket matches. Describe the action with technical precision, including details about bowling technique, batting shots, field placements, and match context. Use appropriate cricket terminology and maintain the exciting, dynamic tone that cricket fans expect. Your commentary should be concise yet descriptive, capturing both the action and the atmosphere of the game.",False,Outside Off,Short,Unknown
play type description is run batting team is Australia bowling team is Pakistan total runs on delivery is 1 bowler name is Shaheen Afridi batsman name is Aaron Finch over runs is 14 dismissal is False dismissal type is  dismissal text is 9.8 innings wickets is 0  ,"Finch ventures outside leg, Afridi chases him with a full dart, which is glanced away to short fine leg. The two batsmen risk a single. Short scoots off and slides his bat in. Even a direct hit might not have been enough
","You are an expert cricket commentator. Provide vivid, accurate, and engaging ball-by-ball commentary for cricket matches. Describe the action with technical precision, including details about bowling technique, batting shots, field placements, and match context. Use appropriate cricket terminology and maintain the exciting, dynamic tone that cricket fans expect. Your commentary should be concise yet descriptive, capturing both the action and the atmosphere of the game.",False,Down Leg,Short,Loft/Smash
play type description is no run batting team is Australia bowling team is Pakistan total runs on delivery is 0 bowler name is Shadab Khan batsman name is Aaron Finch over runs is 13 dismissal is False dismissal type is  dismissal text is 9.57 innings wickets is 0  ,"good length and slides in at off, defended back. 'Very well bowled,' says Sarfraz from behind the stumps
","You are an expert cricket commentator. Provide vivid, accurate, and engaging ball-by-ball commentary for cricket matches. Describe the action with technical precision, including details about bowling technique, batting shots, field placements, and match context. Use appropriate cricket terminology and maintain the exciting, dynamic tone that cricket fans expect. Your commentary should be concise yet descriptive, capturing both the action and the atmosphere of the game.",False,Off Stump,Good Length,Defend
play type description is six batting team is Australia bowling team is Pakistan total runs on delivery is 6 bowler name is Shadab Khan batsman name is Aaron Finch over runs is 13 dismissal is False dismissal type is  dismissal text is 10.12 innings wickets is 0  ,"Finch backs away outside leg and launches it with great authority of Sarfraz's head. Looped up wide outside off, Finch stays leg-side of the ball and hoists it for six
","You are an expert cricket commentator. Provide vivid, accurate, and engaging ball-by-ball commentary for cricket matches. Describe the action with technical precision, including details about bowling technique, batting shots, field placements, and match context. Use appropriate cricket terminology and maintain the exciting, dynamic tone that cricket fans expect. Your commentary should be concise yet descriptive, capturing both the action and the atmosphere of the game.",False,Outside Off,Full,Unknown
play type description is leg bye batting team is Australia bowling team is Pakistan total runs on delivery is 1 bowler name is Shaheen Afridi batsman name is Aaron Finch over runs is 4 dismissal is False dismissal type is  dismissal text is 9.96 innings wickets is 1  ,"full and slanting outside leg, catches the thigh pad and wanders away in the direction of midwicket
","You are an expert cricket commentator. Provide vivid, accurate, and engaging ball-by-ball commentary for cricket matches. Describe the action with technical precision, including details about bowling technique, batting shots, field placements, and match context. Use appropriate cricket terminology and maintain the exciting, dynamic tone that cricket fans expect. Your commentary should be concise yet descriptive, capturing both the action and the atmosphere of the game.",False,Down Leg,Full,Unknown
play type description is no run batting team is Australia bowling team is Pakistan total runs on delivery is 0 bowler name is Shaheen Afridi batsman name is Aaron Finch over runs is 4 dismissal is False dismissal type is  dismissal text is 9.69 innings wickets is 0  ,"another leg-stump ball, Finch misses out on a flick again
","You are an expert cricket commentator. Provide vivid, accurate, and engaging ball-by-ball commentary for cricket matches. Describe the action with technical precision, including details about bowling technique, batting shots, field placements, and match context. Use appropriate cricket terminology and maintain the exciting, dynamic tone that cricket fans expect. Your commentary should be concise yet descriptive, capturing both the action and the atmosphere of the game.",False,Leg Stump,Full,Flick
play type description is no run batting team is Australia bowling team is Pakistan total runs on delivery is 0 bowler name is Shaheen Afridi batsman name is Aaron Finch over runs is 4 dismissal is False dismissal type is  dismissal text is 9.5 innings wickets is 0  ,"dug in short at the body, Finch now misses out on a hook, he was early into the shot, this was the change-up.<strong> Cops a blow on the chest</strong>
","You are an expert cricket commentator. Provide vivid, accurate, and engaging ball-by-ball commentary for cricket matches. Describe the action with technical precision, including details about bowling technique, batting shots, field placements, and match context. Use appropriate cricket terminology and maintain the exciting, dynamic tone that cricket fans expect. Your commentary should be concise yet descriptive, capturing both the action and the atmosphere of the game.",False,Down Leg,Short,Hook
play type description is run batting team is Australia bowling team is Pakistan total runs on delivery is 1 bowler name is Shaheen Afridi batsman name is Aaron Finch over runs is 4 dismissal is False dismissal type is  dismissal text is 9.44 innings wickets is 0  ,"full on the stumps, driven away to cow corner, they decide against the second run
","You are an expert cricket commentator. Provide vivid, accurate, and engaging ball-by-ball commentary for cricket matches. Describe the action with technical precision, including details about bowling technique, batting shots, field placements, and match context. Use appropriate cricket terminology and maintain the exciting, dynamic tone that cricket fans expect. Your commentary should be concise yet descriptive, capturing both the action and the atmosphere of the game.",False,Off Stump,Full,Drive
play type description is no run batting team is Australia bowling team is Pakistan total runs on delivery is 0 bowler name is Shadab Khan batsman name is Aaron Finch over runs is 11 dismissal is False dismissal type is  dismissal text is 9.27 innings wickets is 0  ,"Finch stays leg-side of this legbreak outside off and stabs an inside edge to the bowler's right
","You are an expert cricket commentator. Provide vivid, accurate, and engaging ball-by-ball commentary for cricket matches. Describe the action with technical precision, including details about bowling technique, batting shots, field placements, and match context. Use appropriate cricket terminology and maintain the exciting, dynamic tone that cricket fans expect. Your commentary should be concise yet descriptive, capturing both the action and the atmosphere of the game.",False,Outside Off,Full,Unknown
play type description is six batting team is Australia bowling team is Pakistan total runs on delivery is 6 bowler name is Shadab Khan batsman name is Aaron Finch over runs is 11 dismissal is False dismissal type is  dismissal text is 9.75 innings wickets is 0  ,"looped up outside off, Finch drops down to one knee, sizes it up and clubs it over the long-on fielder for another six
","You are an expert cricket commentator. Provide vivid, accurate, and engaging ball-by-ball commentary for cricket matches. Describe the action with technical precision, including details about bowling technique, batting shots, field placements, and match context. Use appropriate cricket terminology and maintain the exciting, dynamic tone that cricket fans expect. Your commentary should be concise yet descriptive, capturing both the action and the atmosphere of the game.",False,Outside Off,Full,Unknown
play type description is run batting team is Australia bowling team is Pakistan total runs on delivery is 2 bowler name is Shadab Khan batsman name is Aaron Finch over runs is 11 dismissal is False dismissal type is  dismissal text is 9.78 innings wickets is 0  ,"flat dart just outside off, Finch can't get under it, ends up hacking it straight of long-on for a double
","You are an expert cricket commentator. Provide vivid, accurate, and engaging ball-by-ball commentary for cricket matches. Describe the action with technical precision, including details about bowling technique, batting shots, field placements, and match context. Use appropriate cricket terminology and maintain the exciting, dynamic tone that cricket fans expect. Your commentary should be concise yet descriptive, capturing both the action and the atmosphere of the game.",False,Outside Off,Full,Unknown
play type description is run batting team is Australia bowling team is Pakistan total runs on delivery is 2 bowler name is Shadab Khan batsman name is Aaron Finch over runs is 11 dismissal is False dismissal type is  dismissal text is 9.82 innings wickets is 0  ,"googly, short, clipped with the break to deep square leg
","You are an expert cricket commentator. Provide vivid, accurate, and engaging ball-by-ball commentary for cricket matches. Describe the action with technical precision, including details about bowling technique, batting shots, field placements, and match context. Use appropriate cricket terminology and maintain the exciting, dynamic tone that cricket fans expect. Your commentary should be concise yet descriptive, capturing both the action and the atmosphere of the game.",False,Down Leg,Short,Unknown
play type description is out batting team is Australia bowling team is Pakistan total runs on delivery is 0 bowler name is Shadab Khan batsman name is Aaron Finch over runs is 11 dismissal is True dismissal type is caught dismissal text is 9.66 innings wickets is 0  ,"<strong>Finally Pakistan have caught one!</strong> Finch backs away outside leg even before Shadab delivers this legbreak outside off, this shortish ball spins away from Finch. He flays it in the air to Farhan, the debutant, who hangs onto the catch with both hands at cover. No fifty for the Finchmeister
","You are an expert cricket commentator. Provide vivid, accurate, and engaging ball-by-ball commentary for cricket matches. Describe the action with technical precision, including details about bowling technique, batting shots, field placements, and match context. Use appropriate cricket terminology and maintain the exciting, dynamic tone that cricket fans expect. Your commentary should be concise yet descriptive, capturing both the action and the atmosphere of the game.",True,Outside Off,Full,Unknown
play type description is out batting team is Kings XI Punjab bowling team is Chennai Super Kings total runs on delivery is 0 bowler name is Imran Tahir batsman name is Aaron Finch over runs is 5 dismissal is True dismissal type is leg before wicket dismissal text is 10.39 innings wickets is 0  ,"Tahir strikes again, and it's another golden duck for Finch! Or is it? Finch reviews. But this was a poor shot from Finch. Pays the price for playing against the turn. A length ball and Finch clumsily steps forward and looks to close the face. The ball spins past it to hit the pad. A waste of a review, really, as the screen shows three reds
","You are an expert cricket commentator. Provide vivid, accurate, and engaging ball-by-ball commentary for cricket matches. Describe the action with technical precision, including details about bowling technique, batting shots, field placements, and match context. Use appropriate cricket terminology and maintain the exciting, dynamic tone that cricket fans expect. Your commentary should be concise yet descriptive, capturing both the action and the atmosphere of the game.",True,Off Stump,Full,Loft/Smash
play type description is no run batting team is Australia bowling team is Pakistan total runs on delivery is 0 bowler name is Mohammad Amir batsman name is Aaron Finch over runs is 5 dismissal is False dismissal type is  dismissal text is 5.0 innings wickets is 0  ,"stands tall and punches this length delivery on the up to point
","You are an expert cricket commentator. Provide vivid, accurate, and engaging ball-by-ball commentary for cricket matches. Describe the action with technical precision, including details about bowling technique, batting shots, field placements, and match context. Use appropriate cricket terminology and maintain the exciting, dynamic tone that cricket fans expect. Your commentary should be concise yet descriptive, capturing both the action and the atmosphere of the game.",False,Off Stump,Good Length,Unknown
play type description is no run batting team is Australia bowling team is Pakistan total runs on delivery is 0 bowler name is Faheem Ashraf batsman name is Aaron Finch over runs is 11 dismissal is False dismissal type is  dismissal text is 4.0 innings wickets is 0  ,"stands tall and punches back, the bowler does well to put his right hand out on the followthrough to stop that
","You are an expert cricket commentator. Provide vivid, accurate, and engaging ball-by-ball commentary for cricket matches. Describe the action with technical precision, including details about bowling technique, batting shots, field placements, and match context. Use appropriate cricket terminology and maintain the exciting, dynamic tone that cricket fans expect. Your commentary should be concise yet descriptive, capturing both the action and the atmosphere of the game.",False,Off Stump,Full,Unknown
play type description is four batting team is Australia bowling team is Pakistan total runs on delivery is 4 bowler name is Faheem Ashraf batsman name is Aaron Finch over runs is 11 dismissal is False dismissal type is  dismissal text is 6.0 innings wickets is 0  ,"clean strike, one bounce over long-off. Stood his ground and lofted this length ball through the line
","You are an expert cricket commentator. Provide vivid, accurate, and engaging ball-by-ball commentary for cricket matches. Describe the action with technical precision, including details about bowling technique, batting shots, field placements, and match context. Use appropriate cricket terminology and maintain the exciting, dynamic tone that cricket fans expect. Your commentary should be concise yet descriptive, capturing both the action and the atmosphere of the game.",False,Off Stump,Short,Loft/Smash
play type description is leg bye batting team is Australia bowling team is Pakistan total runs on delivery is 2 bowler name is Faheem Ashraf batsman name is Aaron Finch over runs is 11 dismissal is False dismissal type is  dismissal text is 6.54 innings wickets is 2  ,"works this off his hip towards the man coming in from deep square, lazy fielding, alert running
","You are an expert cricket commentator. Provide vivid, accurate, and engaging ball-by-ball commentary for cricket matches. Describe the action with technical precision, including details about bowling technique, batting shots, field placements, and match context. Use appropriate cricket terminology and maintain the exciting, dynamic tone that cricket fans expect. Your commentary should be concise yet descriptive, capturing both the action and the atmosphere of the game.",False,Off Stump,Full,Unknown
play type description is four batting team is Australia bowling team is Pakistan total runs on delivery is 4 bowler name is Faheem Ashraf batsman name is Aaron Finch over runs is 11 dismissal is False dismissal type is  dismissal text is 8.0 innings wickets is 0  ,"straighter and more classier. One bounce to the long-off boundary. This was right in the slot, Finch got to the pitch and belted this away.
","You are an expert cricket commentator. Provide vivid, accurate, and engaging ball-by-ball commentary for cricket matches. Describe the action with technical precision, including details about bowling technique, batting shots, field placements, and match context. Use appropriate cricket terminology and maintain the exciting, dynamic tone that cricket fans expect. Your commentary should be concise yet descriptive, capturing both the action and the atmosphere of the game.",False,Off Stump,Slot,Unknown
play type description is run batting team is Australia bowling team is Pakistan total runs on delivery is 1 bowler name is Mohammad Amir batsman name is Aaron Finch over runs is 5 dismissal is False dismissal type is  dismissal text is 7.71 innings wickets is 0  ,"whips this length ball on middle towards square leg, looks like there was a thick inside edge.
","You are an expert cricket commentator. Provide vivid, accurate, and engaging ball-by-ball commentary for cricket matches. Describe the action with technical precision, including details about bowling technique, batting shots, field placements, and match context. Use appropriate cricket terminology and maintain the exciting, dynamic tone that cricket fans expect. Your commentary should be concise yet descriptive, capturing both the action and the atmosphere of the game.",False,Middle Stump,Short,Unknown
play type description is run batting team is Australia bowling team is Pakistan total runs on delivery is 1 bowler name is Mohammad Amir batsman name is Aaron Finch over runs is 5 dismissal is False dismissal type is  dismissal text is 7.05 innings wickets is 0  ,"hops back and punches this into the covers for a quick single
","You are an expert cricket commentator. Provide vivid, accurate, and engaging ball-by-ball commentary for cricket matches. Describe the action with technical precision, including details about bowling technique, batting shots, field placements, and match context. Use appropriate cricket terminology and maintain the exciting, dynamic tone that cricket fans expect. Your commentary should be concise yet descriptive, capturing both the action and the atmosphere of the game.",False,Off Stump,Full,Unknown
play type description is run batting team is Australia bowling team is Pakistan total runs on delivery is 1 bowler name is Faheem Ashraf batsman name is Aaron Finch over runs is 4 dismissal is False dismissal type is  dismissal text is 6.9 innings wickets is 0  ,"makes room to go over the off side, the bowler follows him. Finch bunts this past the bowler as they jog the single.
","You are an expert cricket commentator. Provide vivid, accurate, and engaging ball-by-ball commentary for cricket matches. Describe the action with technical precision, including details about bowling technique, batting shots, field placements, and match context. Use appropriate cricket terminology and maintain the exciting, dynamic tone that cricket fans expect. Your commentary should be concise yet descriptive, capturing both the action and the atmosphere of the game.",False,Off Stump,Full,Unknown
play type description is run batting team is Australia bowling team is Pakistan total runs on delivery is 1 bowler name is Faheem Ashraf batsman name is Aaron Finch over runs is 4 dismissal is False dismissal type is  dismissal text is 6.81 innings wickets is 0  ,"hits the deck hard, gets some extra bounce off the deck, defended into the leg side
","You are an expert cricket commentator. Provide vivid, accurate, and engaging ball-by-ball commentary for cricket matches. Describe the action with technical precision, including details about bowling technique, batting shots, field placements, and match context. Use appropriate cricket terminology and maintain the exciting, dynamic tone that cricket fans expect. Your commentary should be concise yet descriptive, capturing both the action and the atmosphere of the game.",False,Down Leg,Full,Defend
play type description is four batting team is Australia bowling team is Pakistan total runs on delivery is 4 bowler name is Shaheen Afridi batsman name is Aaron Finch over runs is 12 dismissal is False dismissal type is  dismissal text is 6.96 innings wickets is 0  ,"steps out and carves him over cover point. Lovely touch, lovely timing. Young man put under pressure immediately
","You are an expert cricket commentator. Provide vivid, accurate, and engaging ball-by-ball commentary for cricket matches. Describe the action with technical precision, including details about bowling technique, batting shots, field placements, and match context. Use appropriate cricket terminology and maintain the exciting, dynamic tone that cricket fans expect. Your commentary should be concise yet descriptive, capturing both the action and the atmosphere of the game.",False,Off Stump,Full,Unknown
play type description is out batting team is Australia bowling team is Pakistan total runs on delivery is 0 bowler name is Shaheen Afridi batsman name is Aaron Finch over runs is 12 dismissal is True dismissal type is caught dismissal text is 6.69 innings wickets is 0  ,"has he got him? Yes. Afridi leaps in celebration, Finch gets a thick inside edge on the way through to Sarfraz. He was looking to punch this away but the ball deviated a long way back in off the seam to cut him into two halves.
","You are an expert cricket commentator. Provide vivid, accurate, and engaging ball-by-ball commentary for cricket matches. Describe the action with technical precision, including details about bowling technique, batting shots, field placements, and match context. Use appropriate cricket terminology and maintain the exciting, dynamic tone that cricket fans expect. Your commentary should be concise yet descriptive, capturing both the action and the atmosphere of the game.",True,Outside Off,Short,Cut
play type description is leg bye batting team is Kings XI Punjab bowling team is Delhi Capitals total runs on delivery is 1 bowler name is Trent Boult batsman name is Aaron Finch over runs is 5 dismissal is False dismissal type is  dismissal text is 4.0 innings wickets is 1  ,"some swing there! Back of a length on middle and leg, the ball moving back in. Pings off the thigh pad down to fine leg
","You are an expert cricket commentator. Provide vivid, accurate, and engaging ball-by-ball commentary for cricket matches. Describe the action with technical precision, including details about bowling technique, batting shots, field placements, and match context. Use appropriate cricket terminology and maintain the exciting, dynamic tone that cricket fans expect. Your commentary should be concise yet descriptive, capturing both the action and the atmosphere of the game.",False,Middle Stump,Short,Flick
play type description is run batting team is Kings XI Punjab bowling team is Delhi Capitals total runs on delivery is 2 bowler name is Trent Boult batsman name is Aaron Finch over runs is 5 dismissal is False dismissal type is  dismissal text is 6.0 innings wickets is 0  ,"into the gap at cover for two! Full outside off, Finch pushes a drive through cover for a couple. Gambhir again races after it. Not great timing.
","You are an expert cricket commentator. Provide vivid, accurate, and engaging ball-by-ball commentary for cricket matches. Describe the action with technical precision, including details about bowling technique, batting shots, field placements, and match context. Use appropriate cricket terminology and maintain the exciting, dynamic tone that cricket fans expect. Your commentary should be concise yet descriptive, capturing both the action and the atmosphere of the game.",False,Outside Off,Full,Drive
play type description is no run batting team is Kings XI Punjab bowling team is Delhi Capitals total runs on delivery is 0 bowler name is Trent Boult batsman name is Aaron Finch over runs is 5 dismissal is False dismissal type is  dismissal text is 5.0 innings wickets is 0  ,"well bowled. Back of a length, moves back in after pitching. Finch, like you do in backyard cricket, intentionally avoids the ball by arching his body. But the ball goes over leg stump.
","You are an expert cricket commentator. Provide vivid, accurate, and engaging ball-by-ball commentary for cricket matches. Describe the action with technical precision, including details about bowling technique, batting shots, field placements, and match context. Use appropriate cricket terminology and maintain the exciting, dynamic tone that cricket fans expect. Your commentary should be concise yet descriptive, capturing both the action and the atmosphere of the game.",False,Leg Stump,Short,Unknown
play type description is out batting team is Kings XI Punjab bowling team is Delhi Capitals total runs on delivery is 0 bowler name is Avesh Khan batsman name is Aaron Finch over runs is 6 dismissal is True dismissal type is caught dismissal text is 4.0 innings wickets is 0  ,"another one that hurries the batsman! This is a batsman brought up in Victoria. A 148.7kph short delivery outside off, Finch this time, looks for the pull through midwicket, but he is too late on the shot. Takes the splice of the bat and lobs to cover. Clearly, harried for pace and Avesh strikes. Some pace and bounce in this surface.
","You are an expert cricket commentator. Provide vivid, accurate, and engaging ball-by-ball commentary for cricket matches. Describe the action with technical precision, including details about bowling technique, batting shots, field placements, and match context. Use appropriate cricket terminology and maintain the exciting, dynamic tone that cricket fans expect. Your commentary should be concise yet descriptive, capturing both the action and the atmosphere of the game.",True,Outside Off,Short,Pull
play type description is no run batting team is Australia bowling team is Pakistan total runs on delivery is 0 bowler name is Mohammad Amir batsman name is Aaron Finch over runs is 0 dismissal is False dismissal type is  dismissal text is 0.0 innings wickets is 0  ,"130kph, <strong>beaten</strong> outside the off stump by a length ball angled across. No swing, it nipped away
","You are an expert cricket commentator. Provide vivid, accurate, and engaging ball-by-ball commentary for cricket matches. Describe the action with technical precision, including details about bowling technique, batting shots, field placements, and match context. Use appropriate cricket terminology and maintain the exciting, dynamic tone that cricket fans expect. Your commentary should be concise yet descriptive, capturing both the action and the atmosphere of the game.",False,Outside Off,Short,Unknown
play type description is no run batting team is Australia bowling team is Pakistan total runs on delivery is 0 bowler name is Mohammad Amir batsman name is Aaron Finch over runs is 0 dismissal is False dismissal type is  dismissal text is 0.0 innings wickets is 0  ,"135kph, good length, hint of shape but mostly holds it's line and he leaves
","You are an expert cricket commentator. Provide vivid, accurate, and engaging ball-by-ball commentary for cricket matches. Describe the action with technical precision, including details about bowling technique, batting shots, field placements, and match context. Use appropriate cricket terminology and maintain the exciting, dynamic tone that cricket fans expect. Your commentary should be concise yet descriptive, capturing both the action and the atmosphere of the game.",False,Off Stump,Good Length,Leave
play type description is no run batting team is Australia bowling team is Pakistan total runs on delivery is 0 bowler name is Mohammad Amir batsman name is Aaron Finch over runs is 0 dismissal is False dismissal type is  dismissal text is 0.0 innings wickets is 0  ,"133kph, good length, shaping back nicely into off, he presents the full face and pushes this towards mid on
","You are an expert cricket commentator. Provide vivid, accurate, and engaging ball-by-ball commentary for cricket matches. Describe the action with technical precision, including details about bowling technique, batting shots, field placements, and match context. Use appropriate cricket terminology and maintain the exciting, dynamic tone that cricket fans expect. Your commentary should be concise yet descriptive, capturing both the action and the atmosphere of the game.",False,Off Stump,Good Length,Unknown
play type description is no run batting team is Australia bowling team is Pakistan total runs on delivery is 0 bowler name is Mohammad Amir batsman name is Aaron Finch over runs is 0 dismissal is False dismissal type is  dismissal text is 0.0 innings wickets is 0  ,"129kph, perfect length, shaping back a touch, he defends half forward into the on side
","You are an expert cricket commentator. Provide vivid, accurate, and engaging ball-by-ball commentary for cricket matches. Describe the action with technical precision, including details about bowling technique, batting shots, field placements, and match context. Use appropriate cricket terminology and maintain the exciting, dynamic tone that cricket fans expect. Your commentary should be concise yet descriptive, capturing both the action and the atmosphere of the game.",False,Off Stump,Short,Defend
play type description is no run batting team is Australia bowling team is Pakistan total runs on delivery is 0 bowler name is Mohammad Amir batsman name is Aaron Finch over runs is 0 dismissal is False dismissal type is  dismissal text is 0.0 innings wickets is 0  ,"<strong>swing and miss</strong> driving at a wide 129kph delivery angled way across him
","You are an expert cricket commentator. Provide vivid, accurate, and engaging ball-by-ball commentary for cricket matches. Describe the action with technical precision, including details about bowling technique, batting shots, field placements, and match context. Use appropriate cricket terminology and maintain the exciting, dynamic tone that cricket fans expect. Your commentary should be concise yet descriptive, capturing both the action and the atmosphere of the game.",False,Unknown,Full,Loft/Smash
play type description is no run batting team is Australia bowling team is Pakistan total runs on delivery is 0 bowler name is Mohammad Amir batsman name is Aaron Finch over runs is 0 dismissal is False dismissal type is  dismissal text is 0.0 innings wickets is 0  ,"134kph/83mph, back of a length on off, he's jumping back and defending to mid off
","You are an expert cricket commentator. Provide vivid, accurate, and engaging ball-by-ball commentary for cricket matches. Describe the action with technical precision, including details about bowling technique, batting shots, field placements, and match context. Use appropriate cricket terminology and maintain the exciting, dynamic tone that cricket fans expect. Your commentary should be concise yet descriptive, capturing both the action and the atmosphere of the game.",False,Off Stump,Short,Unknown
play type description is wide batting team is Australia bowling team is Pakistan total runs on delivery is 1 bowler name is Shaheen Afridi batsman name is Aaron Finch over runs is 7 dismissal is False dismissal type is  dismissal text is 4.0 innings wickets is 0  ,"139kph, shorter and swinging down leg and rightly called <strong>wide</strong>
","You are an expert cricket commentator. Provide vivid, accurate, and engaging ball-by-ball commentary for cricket matches. Describe the action with technical precision, including details about bowling technique, batting shots, field placements, and match context. Use appropriate cricket terminology and maintain the exciting, dynamic tone that cricket fans expect. Your commentary should be concise yet descriptive, capturing both the action and the atmosphere of the game.",False,Down Leg,Full,Unknown
play type description is no run batting team is Australia bowling team is Pakistan total runs on delivery is 0 bowler name is Shaheen Afridi batsman name is Aaron Finch over runs is 7 dismissal is False dismissal type is  dismissal text is 3.6 innings wickets is 0  ,"<strong>beaten</strong> by a cracking 140kph, length ball and nipped across on the angle and squared Finch up on the back foot
","You are an expert cricket commentator. Provide vivid, accurate, and engaging ball-by-ball commentary for cricket matches. Describe the action with technical precision, including details about bowling technique, batting shots, field placements, and match context. Use appropriate cricket terminology and maintain the exciting, dynamic tone that cricket fans expect. Your commentary should be concise yet descriptive, capturing both the action and the atmosphere of the game.",False,Off Stump,Short,Unknown
play type description is no run batting team is Australia bowling team is Pakistan total runs on delivery is 0 bowler name is Shaheen Afridi batsman name is Aaron Finch over runs is 7 dismissal is False dismissal type is  dismissal text is 3.27 innings wickets is 0  ,"133kph, shorter outside off, he's jumping back and across knocking this down
","You are an expert cricket commentator. Provide vivid, accurate, and engaging ball-by-ball commentary for cricket matches. Describe the action with technical precision, including details about bowling technique, batting shots, field placements, and match context. Use appropriate cricket terminology and maintain the exciting, dynamic tone that cricket fans expect. Your commentary should be concise yet descriptive, capturing both the action and the atmosphere of the game.",False,Outside Off,Full,Unknown
play type description is run batting team is Australia bowling team is Pakistan total runs on delivery is 1 bowler name is Shaheen Afridi batsman name is Aaron Finch over runs is 7 dismissal is False dismissal type is  dismissal text is 3.5 innings wickets is 0  ,"fuller on leg, 138kph, hint of shape in, he bunts this into midwicket off the front foot
","You are an expert cricket commentator. Provide vivid, accurate, and engaging ball-by-ball commentary for cricket matches. Describe the action with technical precision, including details about bowling technique, batting shots, field placements, and match context. Use appropriate cricket terminology and maintain the exciting, dynamic tone that cricket fans expect. Your commentary should be concise yet descriptive, capturing both the action and the atmosphere of the game.",False,Down Leg,Full,Unknown
play type description is no run batting team is Australia bowling team is Pakistan total runs on delivery is 0 bowler name is Mohammad Amir batsman name is Aaron Finch over runs is 3 dismissal is False dismissal type is  dismissal text is 3.23 innings wickets is 0  ,"133kph, good length, angled across, he's happy to leave watchfully
","You are an expert cricket commentator. Provide vivid, accurate, and engaging ball-by-ball commentary for cricket matches. Describe the action with technical precision, including details about bowling technique, batting shots, field placements, and match context. Use appropriate cricket terminology and maintain the exciting, dynamic tone that cricket fans expect. Your commentary should be concise yet descriptive, capturing both the action and the atmosphere of the game.",False,Off Stump,Good Length,Leave
play type description is run batting team is Australia bowling team is Pakistan total runs on delivery is 2 bowler name is Mohammad Amir batsman name is Aaron Finch over runs is 3 dismissal is False dismissal type is  dismissal text is 3.85 innings wickets is 0  ,"135kph, over-pitched, Finch climbs into a powerful off drive, Shoaib Malik at mid off misfields, it bursts out of his hands and away for a couple
","You are an expert cricket commentator. Provide vivid, accurate, and engaging ball-by-ball commentary for cricket matches. Describe the action with technical precision, including details about bowling technique, batting shots, field placements, and match context. Use appropriate cricket terminology and maintain the exciting, dynamic tone that cricket fans expect. Your commentary should be concise yet descriptive, capturing both the action and the atmosphere of the game.",False,Off Stump,Full,Drive
play type description is no run batting team is Australia bowling team is Pakistan total runs on delivery is 0 bowler name is Mohammad Amir batsman name is Aaron Finch over runs is 3 dismissal is False dismissal type is  dismissal text is 3.6 innings wickets is 0  ,"shorter length, he's back and defending to cover, bat was away from the body
","You are an expert cricket commentator. Provide vivid, accurate, and engaging ball-by-ball commentary for cricket matches. Describe the action with technical precision, including details about bowling technique, batting shots, field placements, and match context. Use appropriate cricket terminology and maintain the exciting, dynamic tone that cricket fans expect. Your commentary should be concise yet descriptive, capturing both the action and the atmosphere of the game.",False,Off Stump,Short,Unknown
play type description is no run batting team is Australia bowling team is Pakistan total runs on delivery is 0 bowler name is Mohammad Amir batsman name is Aaron Finch over runs is 3 dismissal is False dismissal type is  dismissal text is 3.37 innings wickets is 0  ,"<strong>beaten</strong>, 135kph, good length, nipping across, he plays the line but doesn't follow as it zips past the edge
","You are an expert cricket commentator. Provide vivid, accurate, and engaging ball-by-ball commentary for cricket matches. Describe the action with technical precision, including details about bowling technique, batting shots, field placements, and match context. Use appropriate cricket terminology and maintain the exciting, dynamic tone that cricket fans expect. Your commentary should be concise yet descriptive, capturing both the action and the atmosphere of the game.",False,Off Stump,Good Length,Unknown
play type description is run batting team is Australia bowling team is Pakistan total runs on delivery is 1 bowler name is Mohammad Amir batsman name is Aaron Finch over runs is 3 dismissal is False dismissal type is  dismissal text is 3.52 innings wickets is 0  ,"130kph, shorter on middle, he jumps back and turns this behind square for a single
","You are an expert cricket commentator. Provide vivid, accurate, and engaging ball-by-ball commentary for cricket matches. Describe the action with technical precision, including details about bowling technique, batting shots, field placements, and match context. Use appropriate cricket terminology and maintain the exciting, dynamic tone that cricket fans expect. Your commentary should be concise yet descriptive, capturing both the action and the atmosphere of the game.",False,Middle Stump,Full,Unknown
play type description is six batting team is Australia bowling team is Pakistan total runs on delivery is 6 bowler name is Shaheen Afridi batsman name is Aaron Finch over runs is 17 dismissal is False dismissal type is  dismissal text is 5.05 innings wickets is 0  ,"<strong>smashed over square leg into the stands!</strong> Crack! This was banged in at 143kph but it sat up, he was waiting and smashed a pull shot flat over midwicket and it went 10 rows back!
","You are an expert cricket commentator. Provide vivid, accurate, and engaging ball-by-ball commentary for cricket matches. Describe the action with technical precision, including details about bowling technique, batting shots, field placements, and match context. Use appropriate cricket terminology and maintain the exciting, dynamic tone that cricket fans expect. Your commentary should be concise yet descriptive, capturing both the action and the atmosphere of the game.",False,Down Leg,Short,Pull
play type description is run batting team is Australia bowling team is Pakistan total runs on delivery is 2 bowler name is Shaheen Afridi batsman name is Aaron Finch over runs is 17 dismissal is False dismissal type is  dismissal text is 5.4 innings wickets is 0  ,"141kph, short outside off, Finch is up on the toes punching off the back foot very well wide of mid off for a couple
","You are an expert cricket commentator. Provide vivid, accurate, and engaging ball-by-ball commentary for cricket matches. Describe the action with technical precision, including details about bowling technique, batting shots, field placements, and match context. Use appropriate cricket terminology and maintain the exciting, dynamic tone that cricket fans expect. Your commentary should be concise yet descriptive, capturing both the action and the atmosphere of the game.",False,Outside Off,Short,Unknown
play type description is run batting team is Australia bowling team is Pakistan total runs on delivery is 2 bowler name is Shaheen Afridi batsman name is Aaron Finch over runs is 17 dismissal is False dismissal type is  dismissal text is 5.71 innings wickets is 0  ,"135kph, fuller into leg stump, he tucks this behind square off the front foot, they run well to pinch a couple
","You are an expert cricket commentator. Provide vivid, accurate, and engaging ball-by-ball commentary for cricket matches. Describe the action with technical precision, including details about bowling technique, batting shots, field placements, and match context. Use appropriate cricket terminology and maintain the exciting, dynamic tone that cricket fans expect. Your commentary should be concise yet descriptive, capturing both the action and the atmosphere of the game.",False,Leg Stump,Full,Unknown
play type description is run batting team is Australia bowling team is Pakistan total runs on delivery is 1 bowler name is Shaheen Afridi batsman name is Aaron Finch over runs is 17 dismissal is False dismissal type is  dismissal text is 5.72 innings wickets is 0  ,"<strong>edged</strong> but it goes wide of second and runs to third man. 140kph, good length, nipping away, he hung the bat out but the thick edge flew safely through fifth slip region
","You are an expert cricket commentator. Provide vivid, accurate, and engaging ball-by-ball commentary for cricket matches. Describe the action with technical precision, including details about bowling technique, batting shots, field placements, and match context. Use appropriate cricket terminology and maintain the exciting, dynamic tone that cricket fans expect. Your commentary should be concise yet descriptive, capturing both the action and the atmosphere of the game.",False,Off Stump,Good Length,Unknown
play type description is no run batting team is Australia bowling team is Pakistan total runs on delivery is 0 bowler name is Mohammad Amir batsman name is Aaron Finch over runs is 0 dismissal is False dismissal type is  dismissal text is 6.48 innings wickets is 0  ,"137kph, good length, angled across and angling further, Finch leaves
","You are an expert cricket commentator. Provide vivid, accurate, and engaging ball-by-ball commentary for cricket matches. Describe the action with technical precision, including details about bowling technique, batting shots, field placements, and match context. Use appropriate cricket terminology and maintain the exciting, dynamic tone that cricket fans expect. Your commentary should be concise yet descriptive, capturing both the action and the atmosphere of the game.",False,Off Stump,Good Length,Leave
play type description is no run batting team is Australia bowling team is Pakistan total runs on delivery is 0 bowler name is Mohammad Amir batsman name is Aaron Finch over runs is 0 dismissal is False dismissal type is  dismissal text is 6.23 innings wickets is 0  ,"137kph, good length, fourth stump line, angled across, decisive leave on the front foot
","You are an expert cricket commentator. Provide vivid, accurate, and engaging ball-by-ball commentary for cricket matches. Describe the action with technical precision, including details about bowling technique, batting shots, field placements, and match context. Use appropriate cricket terminology and maintain the exciting, dynamic tone that cricket fans expect. Your commentary should be concise yet descriptive, capturing both the action and the atmosphere of the game.",False,Off Stump,Good Length,Leave
play type description is no run batting team is Australia bowling team is Pakistan total runs on delivery is 0 bowler name is Mohammad Amir batsman name is Aaron Finch over runs is 0 dismissal is False dismissal type is  dismissal text is 6.0 innings wickets is 0  ,"back of a length, outside off, he jumps back and across and defends
","You are an expert cricket commentator. Provide vivid, accurate, and engaging ball-by-ball commentary for cricket matches. Describe the action with technical precision, including details about bowling technique, batting shots, field placements, and match context. Use appropriate cricket terminology and maintain the exciting, dynamic tone that cricket fans expect. Your commentary should be concise yet descriptive, capturing both the action and the atmosphere of the game.",False,Outside Off,Short,Defend
play type description is no run batting team is Australia bowling team is Pakistan total runs on delivery is 0 bowler name is Mohammad Amir batsman name is Aaron Finch over runs is 0 dismissal is False dismissal type is  dismissal text is 5.78 innings wickets is 0  ,"128kph, good length, nipping back, he's half forward gets a thick inside edge onto pad. He was late getting the bat down
","You are an expert cricket commentator. Provide vivid, accurate, and engaging ball-by-ball commentary for cricket matches. Describe the action with technical precision, including details about bowling technique, batting shots, field placements, and match context. Use appropriate cricket terminology and maintain the exciting, dynamic tone that cricket fans expect. Your commentary should be concise yet descriptive, capturing both the action and the atmosphere of the game.",False,Off Stump,Good Length,Defend
play type description is no run batting team is Australia bowling team is Pakistan total runs on delivery is 0 bowler name is Mohammad Amir batsman name is Aaron Finch over runs is 0 dismissal is False dismissal type is  dismissal text is 5.58 innings wickets is 0  ,"135kph, good length angled well wide and Finch leaves
","You are an expert cricket commentator. Provide vivid, accurate, and engaging ball-by-ball commentary for cricket matches. Describe the action with technical precision, including details about bowling technique, batting shots, field placements, and match context. Use appropriate cricket terminology and maintain the exciting, dynamic tone that cricket fans expect. Your commentary should be concise yet descriptive, capturing both the action and the atmosphere of the game.",False,Unknown,Good Length,Leave
play type description is no run batting team is Australia bowling team is Pakistan total runs on delivery is 0 bowler name is Mohammad Amir batsman name is Aaron Finch over runs is 0 dismissal is False dismissal type is  dismissal text is 5.4 innings wickets is 0  ,"<strong>beaten</strong> fending away from the body at ball that nips away sharply well wide of off
","You are an expert cricket commentator. Provide vivid, accurate, and engaging ball-by-ball commentary for cricket matches. Describe the action with technical precision, including details about bowling technique, batting shots, field placements, and match context. Use appropriate cricket terminology and maintain the exciting, dynamic tone that cricket fans expect. Your commentary should be concise yet descriptive, capturing both the action and the atmosphere of the game.",False,Outside Off,Full,Unknown
play type description is no run batting team is Australia bowling team is Pakistan total runs on delivery is 0 bowler name is Hasan Ali batsman name is Aaron Finch over runs is 1 dismissal is False dismissal type is  dismissal text is 4.66 innings wickets is 0  ,"141kph, fuller, he drives well but Hassan's knocks it down in his follow through
","You are an expert cricket commentator. Provide vivid, accurate, and engaging ball-by-ball commentary for cricket matches. Describe the action with technical precision, including details about bowling technique, batting shots, field placements, and match context. Use appropriate cricket terminology and maintain the exciting, dynamic tone that cricket fans expect. Your commentary should be concise yet descriptive, capturing both the action and the atmosphere of the game.",False,Off Stump,Full,Drive
play type description is no run batting team is Australia bowling team is Pakistan total runs on delivery is 0 bowler name is Mohammad Amir batsman name is Aaron Finch over runs is 8 dismissal is False dismissal type is  dismissal text is 5.23 innings wickets is 0  ,"128kph, shorter length, on off, he's jumping back and across and knocking into the on side
","You are an expert cricket commentator. Provide vivid, accurate, and engaging ball-by-ball commentary for cricket matches. Describe the action with technical precision, including details about bowling technique, batting shots, field placements, and match context. Use appropriate cricket terminology and maintain the exciting, dynamic tone that cricket fans expect. Your commentary should be concise yet descriptive, capturing both the action and the atmosphere of the game.",False,Off Stump,Short,Unknown
play type description is run batting team is Australia bowling team is Pakistan total runs on delivery is 1 bowler name is Mohammad Amir batsman name is Aaron Finch over runs is 8 dismissal is False dismissal type is  dismissal text is 5.25 innings wickets is 0  ,"good length, 134kph, angled across, he sits back and late cuts with control to third man
","You are an expert cricket commentator. Provide vivid, accurate, and engaging ball-by-ball commentary for cricket matches. Describe the action with technical precision, including details about bowling technique, batting shots, field placements, and match context. Use appropriate cricket terminology and maintain the exciting, dynamic tone that cricket fans expect. Your commentary should be concise yet descriptive, capturing both the action and the atmosphere of the game.",False,Off Stump,Good Length,Cut
play type description is no run batting team is Australia bowling team is Pakistan total runs on delivery is 0 bowler name is Mohammad Amir batsman name is Aaron Finch over runs is 8 dismissal is False dismissal type is  dismissal text is 5.14 innings wickets is 0  ,"back of a length, top of off, he's jumping back and across and defends
","You are an expert cricket commentator. Provide vivid, accurate, and engaging ball-by-ball commentary for cricket matches. Describe the action with technical precision, including details about bowling technique, batting shots, field placements, and match context. Use appropriate cricket terminology and maintain the exciting, dynamic tone that cricket fans expect. Your commentary should be concise yet descriptive, capturing both the action and the atmosphere of the game.",False,Off Stump,Short,Defend
play type description is no run batting team is Australia bowling team is Pakistan total runs on delivery is 0 bowler name is Hasan Ali batsman name is Aaron Finch over runs is 11 dismissal is False dismissal type is  dismissal text is 5.18 innings wickets is 0  ,"140kph, fuller length, he's half forward, pushing, gets a thick inside edge but it doesn't squeeze through, it comes off pad and rolls to gully
","You are an expert cricket commentator. Provide vivid, accurate, and engaging ball-by-ball commentary for cricket matches. Describe the action with technical precision, including details about bowling technique, batting shots, field placements, and match context. Use appropriate cricket terminology and maintain the exciting, dynamic tone that cricket fans expect. Your commentary should be concise yet descriptive, capturing both the action and the atmosphere of the game.",False,Off Stump,Unknown,Unknown
play type description is four batting team is Australia bowling team is Pakistan total runs on delivery is 4 bowler name is Hasan Ali batsman name is Aaron Finch over runs is 11 dismissal is False dismissal type is  dismissal text is 5.6 innings wickets is 0  ,"<strong>square drive on the up!</strong> This is some shot! There was width but it wasn't a volley, he leaned into it and drove with the chest open, thumping it through point
","You are an expert cricket commentator. Provide vivid, accurate, and engaging ball-by-ball commentary for cricket matches. Describe the action with technical precision, including details about bowling technique, batting shots, field placements, and match context. Use appropriate cricket terminology and maintain the exciting, dynamic tone that cricket fans expect. Your commentary should be concise yet descriptive, capturing both the action and the atmosphere of the game.",False,Outside Off,Full,Drive
play type description is run batting team is Australia bowling team is Pakistan total runs on delivery is 1 bowler name is Hasan Ali batsman name is Aaron Finch over runs is 11 dismissal is False dismissal type is  dismissal text is 5.6 innings wickets is 0  ,"straighter on leg, he is back and working this to wide fine leg
","You are an expert cricket commentator. Provide vivid, accurate, and engaging ball-by-ball commentary for cricket matches. Describe the action with technical precision, including details about bowling technique, batting shots, field placements, and match context. Use appropriate cricket terminology and maintain the exciting, dynamic tone that cricket fans expect. Your commentary should be concise yet descriptive, capturing both the action and the atmosphere of the game.",False,Down Leg,Full,Unknown
play type description is run batting team is Australia bowling team is Pakistan total runs on delivery is 1 bowler name is Wahab Riaz batsman name is Aaron Finch over runs is 2 dismissal is False dismissal type is  dismissal text is 5.87 innings wickets is 0  ,"132kph, shorter into the ribs, he's back and knocking this down into the leg side for one
","You are an expert cricket commentator. Provide vivid, accurate, and engaging ball-by-ball commentary for cricket matches. Describe the action with technical precision, including details about bowling technique, batting shots, field placements, and match context. Use appropriate cricket terminology and maintain the exciting, dynamic tone that cricket fans expect. Your commentary should be concise yet descriptive, capturing both the action and the atmosphere of the game.",False,Down Leg,Full,Unknown
play type description is no run batting team is Australia bowling team is Pakistan total runs on delivery is 0 bowler name is Wahab Riaz batsman name is Aaron Finch over runs is 2 dismissal is False dismissal type is  dismissal text is 5.76 innings wickets is 0  ,"134kph, back of a length, fourth stump, he's back and across and defending to cover
","You are an expert cricket commentator. Provide vivid, accurate, and engaging ball-by-ball commentary for cricket matches. Describe the action with technical precision, including details about bowling technique, batting shots, field placements, and match context. Use appropriate cricket terminology and maintain the exciting, dynamic tone that cricket fans expect. Your commentary should be concise yet descriptive, capturing both the action and the atmosphere of the game.",False,Off Stump,Short,Unknown
play type description is no run batting team is Australia bowling team is Pakistan total runs on delivery is 0 bowler name is Wahab Riaz batsman name is Aaron Finch over runs is 2 dismissal is False dismissal type is  dismissal text is 5.65 innings wickets is 0  ,"fuller, 141kph, on off, he pushes to cover, calls yes then no, Warner has to scamper back but he's home comfortably
","You are an expert cricket commentator. Provide vivid, accurate, and engaging ball-by-ball commentary for cricket matches. Describe the action with technical precision, including details about bowling technique, batting shots, field placements, and match context. Use appropriate cricket terminology and maintain the exciting, dynamic tone that cricket fans expect. Your commentary should be concise yet descriptive, capturing both the action and the atmosphere of the game.",False,Off Stump,Full,Unknown
play type description is no run batting team is Australia bowling team is Pakistan total runs on delivery is 0 bowler name is Wahab Riaz batsman name is Aaron Finch over runs is 2 dismissal is False dismissal type is  dismissal text is 5.54 innings wickets is 0  ,"141kph, fuller length, fifth stump line, he pushes firmly on the front foot to mid off
","You are an expert cricket commentator. Provide vivid, accurate, and engaging ball-by-ball commentary for cricket matches. Describe the action with technical precision, including details about bowling technique, batting shots, field placements, and match context. Use appropriate cricket terminology and maintain the exciting, dynamic tone that cricket fans expect. Your commentary should be concise yet descriptive, capturing both the action and the atmosphere of the game.",False,Off Stump,Short,Unknown
play type description is no run batting team is Australia bowling team is Pakistan total runs on delivery is 0 bowler name is Wahab Riaz batsman name is Aaron Finch over runs is 2 dismissal is False dismissal type is  dismissal text is 5.44 innings wickets is 0  ,"<strong>beaten</strong> by a 143kph, good length delivery angled across and nipping further as Finch was stuck on the crease jabbing at it
","You are an expert cricket commentator. Provide vivid, accurate, and engaging ball-by-ball commentary for cricket matches. Describe the action with technical precision, including details about bowling technique, batting shots, field placements, and match context. Use appropriate cricket terminology and maintain the exciting, dynamic tone that cricket fans expect. Your commentary should be concise yet descriptive, capturing both the action and the atmosphere of the game.",False,Off Stump,Good Length,Unknown
play type description is no run batting team is Australia bowling team is Pakistan total runs on delivery is 0 bowler name is Hasan Ali batsman name is Aaron Finch over runs is 7 dismissal is False dismissal type is  dismissal text is 5.79 innings wickets is 0  ,"140kph, fuller length outside off, Finch steps forward and plays a quality cover drive straight to cover
","You are an expert cricket commentator. Provide vivid, accurate, and engaging ball-by-ball commentary for cricket matches. Describe the action with technical precision, including details about bowling technique, batting shots, field placements, and match context. Use appropriate cricket terminology and maintain the exciting, dynamic tone that cricket fans expect. Your commentary should be concise yet descriptive, capturing both the action and the atmosphere of the game.",False,Outside Off,Full,Drive
play type description is no run batting team is Australia bowling team is Pakistan total runs on delivery is 0 bowler name is Hasan Ali batsman name is Aaron Finch over runs is 7 dismissal is False dismissal type is  dismissal text is 5.69 innings wickets is 0  ,"136kph, back of a length, he's jumping back and across and knocking this down to midwicket
","You are an expert cricket commentator. Provide vivid, accurate, and engaging ball-by-ball commentary for cricket matches. Describe the action with technical precision, including details about bowling technique, batting shots, field placements, and match context. Use appropriate cricket terminology and maintain the exciting, dynamic tone that cricket fans expect. Your commentary should be concise yet descriptive, capturing both the action and the atmosphere of the game.",False,Off Stump,Short,Unknown
play type description is no run batting team is Australia bowling team is Pakistan total runs on delivery is 0 bowler name is Hasan Ali batsman name is Aaron Finch over runs is 7 dismissal is False dismissal type is  dismissal text is 5.6 innings wickets is 0  ,"139kph back of a length, he's punching off the back foot to backward point but Babar makes a good save
","You are an expert cricket commentator. Provide vivid, accurate, and engaging ball-by-ball commentary for cricket matches. Describe the action with technical precision, including details about bowling technique, batting shots, field placements, and match context. Use appropriate cricket terminology and maintain the exciting, dynamic tone that cricket fans expect. Your commentary should be concise yet descriptive, capturing both the action and the atmosphere of the game.",False,Off Stump,Short,Unknown
play type description is run batting team is Australia bowling team is Pakistan total runs on delivery is 1 bowler name is Wahab Riaz batsman name is Aaron Finch over runs is 4 dismissal is False dismissal type is  dismissal text is 5.35 innings wickets is 0  ,"137kph, back of a length on middle, he's back and across, pushing this to mid on and pinching one
","You are an expert cricket commentator. Provide vivid, accurate, and engaging ball-by-ball commentary for cricket matches. Describe the action with technical precision, including details about bowling technique, batting shots, field placements, and match context. Use appropriate cricket terminology and maintain the exciting, dynamic tone that cricket fans expect. Your commentary should be concise yet descriptive, capturing both the action and the atmosphere of the game.",False,Middle Stump,Short,Unknown
play type description is no run batting team is Australia bowling team is Pakistan total runs on delivery is 0 bowler name is Shaheen Afridi batsman name is Aaron Finch over runs is 5 dismissal is False dismissal type is  dismissal text is 5.37 innings wickets is 0  ,"good length, angled across, he is happy to leave on length and line
","You are an expert cricket commentator. Provide vivid, accurate, and engaging ball-by-ball commentary for cricket matches. Describe the action with technical precision, including details about bowling technique, batting shots, field placements, and match context. Use appropriate cricket terminology and maintain the exciting, dynamic tone that cricket fans expect. Your commentary should be concise yet descriptive, capturing both the action and the atmosphere of the game.",False,Off Stump,Good Length,Leave
play type description is run batting team is Australia bowling team is Pakistan total runs on delivery is 2 bowler name is Shaheen Afridi batsman name is Aaron Finch over runs is 5 dismissal is False dismissal type is  dismissal text is 5.47 innings wickets is 0  ,"139kph, full and straight, he's sitting back and clips this neatly through midwicket for a couple
","You are an expert cricket commentator. Provide vivid, accurate, and engaging ball-by-ball commentary for cricket matches. Describe the action with technical precision, including details about bowling technique, batting shots, field placements, and match context. Use appropriate cricket terminology and maintain the exciting, dynamic tone that cricket fans expect. Your commentary should be concise yet descriptive, capturing both the action and the atmosphere of the game.",False,Off Stump,Full,Unknown
play type description is leg bye batting team is Australia bowling team is Pakistan total runs on delivery is 1 bowler name is Shaheen Afridi batsman name is Aaron Finch over runs is 5 dismissal is False dismissal type is  dismissal text is 5.47 innings wickets is 1  ,"140kph, good length on leg, he's taken on the thigh guard, it's high and not hitting the stumps, it rolls behind square for a leg bye
","You are an expert cricket commentator. Provide vivid, accurate, and engaging ball-by-ball commentary for cricket matches. Describe the action with technical precision, including details about bowling technique, batting shots, field placements, and match context. Use appropriate cricket terminology and maintain the exciting, dynamic tone that cricket fans expect. Your commentary should be concise yet descriptive, capturing both the action and the atmosphere of the game.",False,Down Leg,Good Length,Unknown
play type description is run batting team is Australia bowling team is Pakistan total runs on delivery is 1 bowler name is Wahab Riaz batsman name is Aaron Finch over runs is 11 dismissal is False dismissal type is  dismissal text is 5.42 innings wickets is 0  ,"134kph, back of a length on off, he's back and working this forward of square
","You are an expert cricket commentator. Provide vivid, accurate, and engaging ball-by-ball commentary for cricket matches. Describe the action with technical precision, including details about bowling technique, batting shots, field placements, and match context. Use appropriate cricket terminology and maintain the exciting, dynamic tone that cricket fans expect. Your commentary should be concise yet descriptive, capturing both the action and the atmosphere of the game.",False,Off Stump,Short,Unknown
play type description is four batting team is Australia bowling team is Pakistan total runs on delivery is 4 bowler name is Wahab Riaz batsman name is Aaron Finch over runs is 11 dismissal is False dismissal type is  dismissal text is 5.6 innings wickets is 0  ,"<strong>dropped by Asif at slip!</strong> Finch was back to a good length ball angled across, trying to thrash this through point with an angled back, thick edge flew head high to Asif Ali at first and it bursts through his hands for four!
","You are an expert cricket commentator. Provide vivid, accurate, and engaging ball-by-ball commentary for cricket matches. Describe the action with technical precision, including details about bowling technique, batting shots, field placements, and match context. Use appropriate cricket terminology and maintain the exciting, dynamic tone that cricket fans expect. Your commentary should be concise yet descriptive, capturing both the action and the atmosphere of the game.",False,Off Stump,Good Length,Unknown
play type description is four batting team is Australia bowling team is Pakistan total runs on delivery is 4 bowler name is Wahab Riaz batsman name is Aaron Finch over runs is 11 dismissal is False dismissal type is  dismissal text is 5.84 innings wickets is 0  ,"short on the hip, he glances this fine past the keeper! Salt in the wounds. Too straight and Finch adds four more just tickling it fine
","You are an expert cricket commentator. Provide vivid, accurate, and engaging ball-by-ball commentary for cricket matches. Describe the action with technical precision, including details about bowling technique, batting shots, field placements, and match context. Use appropriate cricket terminology and maintain the exciting, dynamic tone that cricket fans expect. Your commentary should be concise yet descriptive, capturing both the action and the atmosphere of the game.",False,Unknown,Short,Flick
play type description is run batting team is Australia bowling team is Pakistan total runs on delivery is 1 bowler name is Wahab Riaz batsman name is Aaron Finch over runs is 11 dismissal is False dismissal type is  dismissal text is 5.84 innings wickets is 0  ,"shorter on off, he's back and working this behind square
","You are an expert cricket commentator. Provide vivid, accurate, and engaging ball-by-ball commentary for cricket matches. Describe the action with technical precision, including details about bowling technique, batting shots, field placements, and match context. Use appropriate cricket terminology and maintain the exciting, dynamic tone that cricket fans expect. Your commentary should be concise yet descriptive, capturing both the action and the atmosphere of the game.",False,Off Stump,Full,Unknown
play type description is run batting team is Australia bowling team is Pakistan total runs on delivery is 1 bowler name is Shaheen Afridi batsman name is Aaron Finch over runs is 7 dismissal is False dismissal type is  dismissal text is 5.84 innings wickets is 0  ,"full on leg, he's hanging back and flicking this behind square
","You are an expert cricket commentator. Provide vivid, accurate, and engaging ball-by-ball commentary for cricket matches. Describe the action with technical precision, including details about bowling technique, batting shots, field placements, and match context. Use appropriate cricket terminology and maintain the exciting, dynamic tone that cricket fans expect. Your commentary should be concise yet descriptive, capturing both the action and the atmosphere of the game.",False,Down Leg,Full,Unknown
play type description is run batting team is Australia bowling team is Pakistan total runs on delivery is 1 bowler name is Shaheen Afridi batsman name is Aaron Finch over runs is 7 dismissal is False dismissal type is  dismissal text is 5.78 innings wickets is 0  ,"shorter length, he's back and working this against the angle through midwicket
","You are an expert cricket commentator. Provide vivid, accurate, and engaging ball-by-ball commentary for cricket matches. Describe the action with technical precision, including details about bowling technique, batting shots, field placements, and match context. Use appropriate cricket terminology and maintain the exciting, dynamic tone that cricket fans expect. Your commentary should be concise yet descriptive, capturing both the action and the atmosphere of the game.",False,Off Stump,Short,Unknown
play type description is run batting team is Australia bowling team is Pakistan total runs on delivery is 2 bowler name is Wahab Riaz batsman name is Aaron Finch over runs is 4 dismissal is False dismissal type is  dismissal text is 6.0 innings wickets is 0  ,"shorter length, he's back working this through midwicket to the gap and they run well
","You are an expert cricket commentator. Provide vivid, accurate, and engaging ball-by-ball commentary for cricket matches. Describe the action with technical precision, including details about bowling technique, batting shots, field placements, and match context. Use appropriate cricket terminology and maintain the exciting, dynamic tone that cricket fans expect. Your commentary should be concise yet descriptive, capturing both the action and the atmosphere of the game.",False,Off Stump,Short,Unknown
play type description is no run batting team is Australia bowling team is Pakistan total runs on delivery is 0 bowler name is Wahab Riaz batsman name is Aaron Finch over runs is 4 dismissal is False dismissal type is  dismissal text is 5.93 innings wickets is 0  ,"<strong>huge appeal for LBW</strong> given not out. Pakistan <strong>review</strong>. He was hit deep in the crease just at the top of the pad. No bat. It pitched in line, hit in line, just clipping the stumps! Not out because it's umpire's call! Pakistan retain the review. That was closer than it looked live. It looked like it might have pitched outside leg
","You are an expert cricket commentator. Provide vivid, accurate, and engaging ball-by-ball commentary for cricket matches. Describe the action with technical precision, including details about bowling technique, batting shots, field placements, and match context. Use appropriate cricket terminology and maintain the exciting, dynamic tone that cricket fans expect. Your commentary should be concise yet descriptive, capturing both the action and the atmosphere of the game.",False,Unknown,Full,Loft/Smash
play type description is no run batting team is Australia bowling team is Pakistan total runs on delivery is 0 bowler name is Wahab Riaz batsman name is Aaron Finch over runs is 4 dismissal is False dismissal type is  dismissal text is 5.86 innings wickets is 0  ,"shorter length, he's back and defending to cover
","You are an expert cricket commentator. Provide vivid, accurate, and engaging ball-by-ball commentary for cricket matches. Describe the action with technical precision, including details about bowling technique, batting shots, field placements, and match context. Use appropriate cricket terminology and maintain the exciting, dynamic tone that cricket fans expect. Your commentary should be concise yet descriptive, capturing both the action and the atmosphere of the game.",False,Off Stump,Short,Unknown
play type description is no run batting team is Australia bowling team is Pakistan total runs on delivery is 0 bowler name is Wahab Riaz batsman name is Aaron Finch over runs is 4 dismissal is False dismissal type is  dismissal text is 5.79 innings wickets is 0  ,"141kph, this rears off the length and <strong>hits him in the shoulder!</strong> That was nasty! It really climbed off a length
","You are an expert cricket commentator. Provide vivid, accurate, and engaging ball-by-ball commentary for cricket matches. Describe the action with technical precision, including details about bowling technique, batting shots, field placements, and match context. Use appropriate cricket terminology and maintain the exciting, dynamic tone that cricket fans expect. Your commentary should be concise yet descriptive, capturing both the action and the atmosphere of the game.",False,Off Stump,Short,Unknown
play type description is run batting team is Australia bowling team is Pakistan total runs on delivery is 1 bowler name is Wahab Riaz batsman name is Aaron Finch over runs is 4 dismissal is False dismissal type is  dismissal text is 5.79 innings wickets is 0  ,"<strong>nearly a run out! Then an overthrow.</strong> It was full and wide, he steered it to Babar at backward point and took off, Warner sent him back, he had to dive back to beat the throw but no one was backing up in the ring so they get a run
","You are an expert cricket commentator. Provide vivid, accurate, and engaging ball-by-ball commentary for cricket matches. Describe the action with technical precision, including details about bowling technique, batting shots, field placements, and match context. Use appropriate cricket terminology and maintain the exciting, dynamic tone that cricket fans expect. Your commentary should be concise yet descriptive, capturing both the action and the atmosphere of the game.",False,Unknown,Full,Unknown
play type description is no run batting team is Australia bowling team is Pakistan total runs on delivery is 0 bowler name is Shaheen Afridi batsman name is Aaron Finch over runs is 4 dismissal is False dismissal type is  dismissal text is 5.73 innings wickets is 0  ,"good length, 141kph, angled across, he leaves this alone
","You are an expert cricket commentator. Provide vivid, accurate, and engaging ball-by-ball commentary for cricket matches. Describe the action with technical precision, including details about bowling technique, batting shots, field placements, and match context. Use appropriate cricket terminology and maintain the exciting, dynamic tone that cricket fans expect. Your commentary should be concise yet descriptive, capturing both the action and the atmosphere of the game.",False,Off Stump,Good Length,Leave
play type description is no run batting team is Australia bowling team is Pakistan total runs on delivery is 0 bowler name is Shaheen Afridi batsman name is Aaron Finch over runs is 4 dismissal is False dismissal type is  dismissal text is 5.67 innings wickets is 0  ,"<strong>beaten</strong> by a 140kph ball tight to off, he was hanging back and it zipped between bat and pad and past off
","You are an expert cricket commentator. Provide vivid, accurate, and engaging ball-by-ball commentary for cricket matches. Describe the action with technical precision, including details about bowling technique, batting shots, field placements, and match context. Use appropriate cricket terminology and maintain the exciting, dynamic tone that cricket fans expect. Your commentary should be concise yet descriptive, capturing both the action and the atmosphere of the game.",False,Off Stump,Full,Unknown
play type description is no run batting team is Australia bowling team is Pakistan total runs on delivery is 0 bowler name is Shaheen Afridi batsman name is Aaron Finch over runs is 4 dismissal is False dismissal type is  dismissal text is 5.61 innings wickets is 0  ,"<strong>another LBW appeal</strong> but it's not out and Sarfaraz isn't interested. It pitched outside and was too high. Finch was hanging back
","You are an expert cricket commentator. Provide vivid, accurate, and engaging ball-by-ball commentary for cricket matches. Describe the action with technical precision, including details about bowling technique, batting shots, field placements, and match context. Use appropriate cricket terminology and maintain the exciting, dynamic tone that cricket fans expect. Your commentary should be concise yet descriptive, capturing both the action and the atmosphere of the game.",False,Outside Off,Full,Unknown
play type description is no run batting team is Australia bowling team is Pakistan total runs on delivery is 0 bowler name is Shaheen Afridi batsman name is Aaron Finch over runs is 4 dismissal is False dismissal type is  dismissal text is 5.55 innings wickets is 0  ,"very full, 143kph, on off, he's defending from the crease back to the bowler
","You are an expert cricket commentator. Provide vivid, accurate, and engaging ball-by-ball commentary for cricket matches. Describe the action with technical precision, including details about bowling technique, batting shots, field placements, and match context. Use appropriate cricket terminology and maintain the exciting, dynamic tone that cricket fans expect. Your commentary should be concise yet descriptive, capturing both the action and the atmosphere of the game.",False,Off Stump,Full,Unknown
play type description is no run batting team is Australia bowling team is Pakistan total runs on delivery is 0 bowler name is Shaheen Afridi batsman name is Aaron Finch over runs is 4 dismissal is False dismissal type is  dismissal text is 5.49 innings wickets is 0  ,"good length, 142kph, on off, he's defending half forward
","You are an expert cricket commentator. Provide vivid, accurate, and engaging ball-by-ball commentary for cricket matches. Describe the action with technical precision, including details about bowling technique, batting shots, field placements, and match context. Use appropriate cricket terminology and maintain the exciting, dynamic tone that cricket fans expect. Your commentary should be concise yet descriptive, capturing both the action and the atmosphere of the game.",False,Off Stump,Good Length,Defend
play type description is four batting team is Australia bowling team is Pakistan total runs on delivery is 4 bowler name is Shaheen Afridi batsman name is Aaron Finch over runs is 4 dismissal is False dismissal type is  dismissal text is 5.68 innings wickets is 0  ,"<strong>driven straight of mid on and Shoaib misses it!</strong> Nice stroke but Shoaib made a meal of it diving to his left and he went all over it
","You are an expert cricket commentator. Provide vivid, accurate, and engaging ball-by-ball commentary for cricket matches. Describe the action with technical precision, including details about bowling technique, batting shots, field placements, and match context. Use appropriate cricket terminology and maintain the exciting, dynamic tone that cricket fans expect. Your commentary should be concise yet descriptive, capturing both the action and the atmosphere of the game.",False,Off Stump,Full,Drive
play type description is no run batting team is Australia bowling team is Pakistan total runs on delivery is 0 bowler name is Mohammad Hafeez batsman name is Aaron Finch over runs is 16 dismissal is False dismissal type is  dismissal text is 5.63 innings wickets is 0  ,"<strong>edged and dropped by Sarfaraz!</strong> Shorter and he tries to cut, gets a thick edge and Sarfaraz can't claim it. Tough chance. It was a solid deflection
","You are an expert cricket commentator. Provide vivid, accurate, and engaging ball-by-ball commentary for cricket matches. Describe the action with technical precision, including details about bowling technique, batting shots, field placements, and match context. Use appropriate cricket terminology and maintain the exciting, dynamic tone that cricket fans expect. Your commentary should be concise yet descriptive, capturing both the action and the atmosphere of the game.",False,Off Stump,Full,Cut
play type description is four batting team is Australia bowling team is Pakistan total runs on delivery is 4 bowler name is Mohammad Hafeez batsman name is Aaron Finch over runs is 16 dismissal is False dismissal type is  dismissal text is 5.81 innings wickets is 0  ,"down the track and smoking this through Hafeez straight down the ground!
","You are an expert cricket commentator. Provide vivid, accurate, and engaging ball-by-ball commentary for cricket matches. Describe the action with technical precision, including details about bowling technique, batting shots, field placements, and match context. Use appropriate cricket terminology and maintain the exciting, dynamic tone that cricket fans expect. Your commentary should be concise yet descriptive, capturing both the action and the atmosphere of the game.",False,Off Stump,Full,Loft/Smash
play type description is four batting team is Australia bowling team is Pakistan total runs on delivery is 4 bowler name is Mohammad Hafeez batsman name is Aaron Finch over runs is 16 dismissal is False dismissal type is  dismissal text is 6.0 innings wickets is 0  ,"short, he's back and cracking this through point with power!
","You are an expert cricket commentator. Provide vivid, accurate, and engaging ball-by-ball commentary for cricket matches. Describe the action with technical precision, including details about bowling technique, batting shots, field placements, and match context. Use appropriate cricket terminology and maintain the exciting, dynamic tone that cricket fans expect. Your commentary should be concise yet descriptive, capturing both the action and the atmosphere of the game.",False,Off Stump,Short,Unknown
play type description is six batting team is Australia bowling team is Pakistan total runs on delivery is 6 bowler name is Mohammad Hafeez batsman name is Aaron Finch over runs is 16 dismissal is False dismissal type is  dismissal text is 6.29 innings wickets is 0  ,"<strong>launched over wide long on and way back!</strong> Tossed up and this is juts a step hit, he lofts it through the line over wide long on into the crowd
","You are an expert cricket commentator. Provide vivid, accurate, and engaging ball-by-ball commentary for cricket matches. Describe the action with technical precision, including details about bowling technique, batting shots, field placements, and match context. Use appropriate cricket terminology and maintain the exciting, dynamic tone that cricket fans expect. Your commentary should be concise yet descriptive, capturing both the action and the atmosphere of the game.",False,Off Stump,Full,Loft/Smash
play type description is run batting team is Australia bowling team is Pakistan total runs on delivery is 1 bowler name is Mohammad Hafeez batsman name is Aaron Finch over runs is 16 dismissal is False dismissal type is  dismissal text is 6.29 innings wickets is 0  ,"shorter on leg, he's back and tucking this behind square for a single
","You are an expert cricket commentator. Provide vivid, accurate, and engaging ball-by-ball commentary for cricket matches. Describe the action with technical precision, including details about bowling technique, batting shots, field placements, and match context. Use appropriate cricket terminology and maintain the exciting, dynamic tone that cricket fans expect. Your commentary should be concise yet descriptive, capturing both the action and the atmosphere of the game.",False,Down Leg,Full,Unknown
play type description is no run batting team is Australia bowling team is Pakistan total runs on delivery is 0 bowler name is Shaheen Afridi batsman name is Aaron Finch over runs is 6 dismissal is False dismissal type is  dismissal text is 6.23 innings wickets is 0  ,"full, and straight, punched straight back down the pitch, looping over the bowler's head and into the non-striker's stumps
","You are an expert cricket commentator. Provide vivid, accurate, and engaging ball-by-ball commentary for cricket matches. Describe the action with technical precision, including details about bowling technique, batting shots, field placements, and match context. Use appropriate cricket terminology and maintain the exciting, dynamic tone that cricket fans expect. Your commentary should be concise yet descriptive, capturing both the action and the atmosphere of the game.",False,Off Stump,Full,Loft/Smash
play type description is run batting team is Australia bowling team is Pakistan total runs on delivery is 2 bowler name is Shaheen Afridi batsman name is Aaron Finch over runs is 6 dismissal is False dismissal type is  dismissal text is 6.34 innings wickets is 0  ,"pushed onto the back foot by a tight leg-stump line, but that's an over-step, and a <B>free hit</B> coming up ...
","You are an expert cricket commentator. Provide vivid, accurate, and engaging ball-by-ball commentary for cricket matches. Describe the action with technical precision, including details about bowling technique, batting shots, field placements, and match context. Use appropriate cricket terminology and maintain the exciting, dynamic tone that cricket fans expect. Your commentary should be concise yet descriptive, capturing both the action and the atmosphere of the game.",False,Leg Stump,Full,Loft/Smash
play type description is no run batting team is Australia bowling team is Pakistan total runs on delivery is 0 bowler name is Shaheen Afridi batsman name is Aaron Finch over runs is 6 dismissal is False dismissal type is  dismissal text is 6.28 innings wickets is 0  ,"round the wicket, and <B>that's a beauty!</B> Fading into the right-hander, nip off the seam once more, and beats the outside edge of a limp prod
","You are an expert cricket commentator. Provide vivid, accurate, and engaging ball-by-ball commentary for cricket matches. Describe the action with technical precision, including details about bowling technique, batting shots, field placements, and match context. Use appropriate cricket terminology and maintain the exciting, dynamic tone that cricket fans expect. Your commentary should be concise yet descriptive, capturing both the action and the atmosphere of the game.",False,Off Stump,Full,Unknown
play type description is run batting team is Australia bowling team is Pakistan total runs on delivery is 1 bowler name is Shaheen Afridi batsman name is Aaron Finch over runs is 6 dismissal is False dismissal type is  dismissal text is 6.27 innings wickets is 0  ,"hops across the stumps to clip a single to midwicket. It's all Australia at the moment ...
","You are an expert cricket commentator. Provide vivid, accurate, and engaging ball-by-ball commentary for cricket matches. Describe the action with technical precision, including details about bowling technique, batting shots, field placements, and match context. Use appropriate cricket terminology and maintain the exciting, dynamic tone that cricket fans expect. Your commentary should be concise yet descriptive, capturing both the action and the atmosphere of the game.",False,Off Stump,Full,Unknown
play type description is no run batting team is Australia bowling team is Pakistan total runs on delivery is 0 bowler name is Mohammad Hafeez batsman name is Aaron Finch over runs is 4 dismissal is False dismissal type is  dismissal text is 6.22 innings wickets is 0  ,"down on one knee for the sweep, no contact
","You are an expert cricket commentator. Provide vivid, accurate, and engaging ball-by-ball commentary for cricket matches. Describe the action with technical precision, including details about bowling technique, batting shots, field placements, and match context. Use appropriate cricket terminology and maintain the exciting, dynamic tone that cricket fans expect. Your commentary should be concise yet descriptive, capturing both the action and the atmosphere of the game.",False,Off Stump,Full,Sweep
play type description is no run batting team is Australia bowling team is Pakistan total runs on delivery is 0 bowler name is Mohammad Hafeez batsman name is Aaron Finch over runs is 4 dismissal is False dismissal type is  dismissal text is 6.16 innings wickets is 0  ,"sliding back into the crease, defended back to the bowler
","You are an expert cricket commentator. Provide vivid, accurate, and engaging ball-by-ball commentary for cricket matches. Describe the action with technical precision, including details about bowling technique, batting shots, field placements, and match context. Use appropriate cricket terminology and maintain the exciting, dynamic tone that cricket fans expect. Your commentary should be concise yet descriptive, capturing both the action and the atmosphere of the game.",False,Off Stump,Full,Defend
play type description is run batting team is Australia bowling team is Pakistan total runs on delivery is 1 bowler name is Mohammad Hafeez batsman name is Aaron Finch over runs is 4 dismissal is False dismissal type is  dismissal text is 6.16 innings wickets is 0  ,"a quickstep down the track, clipped off the pad, another single to backward square
","You are an expert cricket commentator. Provide vivid, accurate, and engaging ball-by-ball commentary for cricket matches. Describe the action with technical precision, including details about bowling technique, batting shots, field placements, and match context. Use appropriate cricket terminology and maintain the exciting, dynamic tone that cricket fans expect. Your commentary should be concise yet descriptive, capturing both the action and the atmosphere of the game.",False,Off Stump,Full,Unknown
play type description is run batting team is Australia bowling team is Pakistan total runs on delivery is 1 bowler name is Mohammad Hafeez batsman name is Aaron Finch over runs is 4 dismissal is False dismissal type is  dismissal text is 6.15 innings wickets is 0  ,"flipped off the toes to the leg side
","You are an expert cricket commentator. Provide vivid, accurate, and engaging ball-by-ball commentary for cricket matches. Describe the action with technical precision, including details about bowling technique, batting shots, field placements, and match context. Use appropriate cricket terminology and maintain the exciting, dynamic tone that cricket fans expect. Your commentary should be concise yet descriptive, capturing both the action and the atmosphere of the game.",False,Down Leg,Full,Flick
play type description is run batting team is Australia bowling team is Pakistan total runs on delivery is 2 bowler name is Hasan Ali batsman name is Aaron Finch over runs is 5 dismissal is False dismissal type is  dismissal text is 6.2 innings wickets is 0  ,"over the wicket, angled into the right-hander, very full length, nurdled to midwicket
","You are an expert cricket commentator. Provide vivid, accurate, and engaging ball-by-ball commentary for cricket matches. Describe the action with technical precision, including details about bowling technique, batting shots, field placements, and match context. Use appropriate cricket terminology and maintain the exciting, dynamic tone that cricket fans expect. Your commentary should be concise yet descriptive, capturing both the action and the atmosphere of the game.",False,Off Stump,Short,Unknown
play type description is run batting team is Australia bowling team is Pakistan total runs on delivery is 1 bowler name is Hasan Ali batsman name is Aaron Finch over runs is 5 dismissal is False dismissal type is  dismissal text is 6.2 innings wickets is 0  ,"extra heat in that delivery, Finch loses his bottom hand in a fence into the gap on the leg side
","You are an expert cricket commentator. Provide vivid, accurate, and engaging ball-by-ball commentary for cricket matches. Describe the action with technical precision, including details about bowling technique, batting shots, field placements, and match context. Use appropriate cricket terminology and maintain the exciting, dynamic tone that cricket fans expect. Your commentary should be concise yet descriptive, capturing both the action and the atmosphere of the game.",False,Down Leg,Full,Unknown
play type description is no run batting team is Australia bowling team is Pakistan total runs on delivery is 0 bowler name is Hasan Ali batsman name is Aaron Finch over runs is 5 dismissal is False dismissal type is  dismissal text is 6.1 innings wickets is 0  ,"back of a length, pressed to cover
","You are an expert cricket commentator. Provide vivid, accurate, and engaging ball-by-ball commentary for cricket matches. Describe the action with technical precision, including details about bowling technique, batting shots, field placements, and match context. Use appropriate cricket terminology and maintain the exciting, dynamic tone that cricket fans expect. Your commentary should be concise yet descriptive, capturing both the action and the atmosphere of the game.",False,Off Stump,Short,Unknown
play type description is no run batting team is Australia bowling team is Pakistan total runs on delivery is 0 bowler name is Mohammad Hafeez batsman name is Aaron Finch over runs is 14 dismissal is False dismissal type is  dismissal text is 6.04 innings wickets is 0  ,"nudged to midwicket, can't make the angle this time
","You are an expert cricket commentator. Provide vivid, accurate, and engaging ball-by-ball commentary for cricket matches. Describe the action with technical precision, including details about bowling technique, batting shots, field placements, and match context. Use appropriate cricket terminology and maintain the exciting, dynamic tone that cricket fans expect. Your commentary should be concise yet descriptive, capturing both the action and the atmosphere of the game.",False,Off Stump,Full,Unknown
play type description is six batting team is Australia bowling team is Pakistan total runs on delivery is 6 bowler name is Mohammad Hafeez batsman name is Aaron Finch over runs is 14 dismissal is False dismissal type is  dismissal text is 6.29 innings wickets is 0  ,"<B>clears the front dog and goes 'woof!' into the stands!</B> That's massive, high over long-on, just in the slot to be slogged!
","You are an expert cricket commentator. Provide vivid, accurate, and engaging ball-by-ball commentary for cricket matches. Describe the action with technical precision, including details about bowling technique, batting shots, field placements, and match context. Use appropriate cricket terminology and maintain the exciting, dynamic tone that cricket fans expect. Your commentary should be concise yet descriptive, capturing both the action and the atmosphere of the game.",False,Off Stump,Slot,Loft/Smash
play type description is six batting team is Australia bowling team is Pakistan total runs on delivery is 6 bowler name is Mohammad Hafeez batsman name is Aaron Finch over runs is 14 dismissal is False dismissal type is  dismissal text is 6.53 innings wickets is 0  ,"<B>spanked with insolence over cow corner!</B> Hard, flat, pelted over the short boundary!
","You are an expert cricket commentator. Provide vivid, accurate, and engaging ball-by-ball commentary for cricket matches. Describe the action with technical precision, including details about bowling technique, batting shots, field placements, and match context. Use appropriate cricket terminology and maintain the exciting, dynamic tone that cricket fans expect. Your commentary should be concise yet descriptive, capturing both the action and the atmosphere of the game.",False,Off Stump,Short,Unknown
play type description is run batting team is Australia bowling team is Pakistan total runs on delivery is 1 bowler name is Mohammad Hafeez batsman name is Aaron Finch over runs is 14 dismissal is False dismissal type is  dismissal text is 6.52 innings wickets is 0  ,"slower delivery, more flight outside off, dabbed behind point
","You are an expert cricket commentator. Provide vivid, accurate, and engaging ball-by-ball commentary for cricket matches. Describe the action with technical precision, including details about bowling technique, batting shots, field placements, and match context. Use appropriate cricket terminology and maintain the exciting, dynamic tone that cricket fans expect. Your commentary should be concise yet descriptive, capturing both the action and the atmosphere of the game.",False,Outside Off,Full,Unknown
play type description is run batting team is Australia bowling team is Pakistan total runs on delivery is 1 bowler name is Hasan Ali batsman name is Aaron Finch over runs is 10 dismissal is False dismissal type is  dismissal text is 6.47 innings wickets is 0  ,"short, leg-sided, whisked behind square with a roll of the wrists
","You are an expert cricket commentator. Provide vivid, accurate, and engaging ball-by-ball commentary for cricket matches. Describe the action with technical precision, including details about bowling technique, batting shots, field placements, and match context. Use appropriate cricket terminology and maintain the exciting, dynamic tone that cricket fans expect. Your commentary should be concise yet descriptive, capturing both the action and the atmosphere of the game.",False,Down Leg,Short,Unknown
play type description is run batting team is Australia bowling team is Pakistan total runs on delivery is 1 bowler name is Hasan Ali batsman name is Aaron Finch over runs is 10 dismissal is False dismissal type is  dismissal text is 6.51 innings wickets is 0  ,"clears the front leg for a massive wind-up, but can't get the shot past mid-on
","You are an expert cricket commentator. Provide vivid, accurate, and engaging ball-by-ball commentary for cricket matches. Describe the action with technical precision, including details about bowling technique, batting shots, field placements, and match context. Use appropriate cricket terminology and maintain the exciting, dynamic tone that cricket fans expect. Your commentary should be concise yet descriptive, capturing both the action and the atmosphere of the game.",False,Off Stump,Full,Unknown
play type description is run batting team is Australia bowling team is Pakistan total runs on delivery is 1 bowler name is Hasan Ali batsman name is Aaron Finch over runs is 10 dismissal is False dismissal type is  dismissal text is 6.5 innings wickets is 0  ,"tapped into the covers off the back foot
","You are an expert cricket commentator. Provide vivid, accurate, and engaging ball-by-ball commentary for cricket matches. Describe the action with technical precision, including details about bowling technique, batting shots, field placements, and match context. Use appropriate cricket terminology and maintain the exciting, dynamic tone that cricket fans expect. Your commentary should be concise yet descriptive, capturing both the action and the atmosphere of the game.",False,Off Stump,Full,Unknown
play type description is out batting team is Australia bowling team is Pakistan total runs on delivery is 0 bowler name is Mohammad Amir batsman name is Aaron Finch over runs is 3 dismissal is True dismissal type is caught dismissal text is 6.58 innings wickets is 0  ,"smashed high and hard, a fat leading edge, into the covers,<B> Amir makes the breakthrough </B>as Hafeez runs back to pouch a steepler! Not quite to the pitch of that one, as he sized up midwicket, and pays the price
","You are an expert cricket commentator. Provide vivid, accurate, and engaging ball-by-ball commentary for cricket matches. Describe the action with technical precision, including details about bowling technique, batting shots, field placements, and match context. Use appropriate cricket terminology and maintain the exciting, dynamic tone that cricket fans expect. Your commentary should be concise yet descriptive, capturing both the action and the atmosphere of the game.",True,Off Stump,Full,Unknown
play type description is four batting team is Pakistan bowling team is Australia total runs on delivery is 4 bowler name is Aaron Finch batsman name is Sarfaraz Ahmed over runs is 7 dismissal is False dismissal type is  dismissal text is 5.46 innings wickets is 0  ,"sweep from off the stumps to wide fine leg! Clever shot. They have to attack him and this was a well executed sweep behind square
","You are an expert cricket commentator. Provide vivid, accurate, and engaging ball-by-ball commentary for cricket matches. Describe the action with technical precision, including details about bowling technique, batting shots, field placements, and match context. Use appropriate cricket terminology and maintain the exciting, dynamic tone that cricket fans expect. Your commentary should be concise yet descriptive, capturing both the action and the atmosphere of the game.",False,Down Leg,Full,Sweep
play type description is no run batting team is Pakistan bowling team is Australia total runs on delivery is 0 bowler name is Aaron Finch batsman name is Sarfaraz Ahmed over runs is 7 dismissal is False dismissal type is  dismissal text is 5.43 innings wickets is 0  ,"<strong>beaten and nearly stumped!</strong> He went outside leg, it drifted and dropped on him, he missed it, over balanced, Carey fumbled the take slightly and Sarfaraz just got his foot back down in time
","You are an expert cricket commentator. Provide vivid, accurate, and engaging ball-by-ball commentary for cricket matches. Describe the action with technical precision, including details about bowling technique, batting shots, field placements, and match context. Use appropriate cricket terminology and maintain the exciting, dynamic tone that cricket fans expect. Your commentary should be concise yet descriptive, capturing both the action and the atmosphere of the game.",False,Outside Off,Full,Unknown
play type description is run batting team is Pakistan bowling team is Australia total runs on delivery is 1 bowler name is Aaron Finch batsman name is Sarfaraz Ahmed over runs is 7 dismissal is False dismissal type is  dismissal text is 5.43 innings wickets is 0  ,"drifting into leg, he's back and tucking this behind square
","You are an expert cricket commentator. Provide vivid, accurate, and engaging ball-by-ball commentary for cricket matches. Describe the action with technical precision, including details about bowling technique, batting shots, field placements, and match context. Use appropriate cricket terminology and maintain the exciting, dynamic tone that cricket fans expect. Your commentary should be concise yet descriptive, capturing both the action and the atmosphere of the game.",False,Down Leg,Full,Unknown
play type description is run batting team is Pakistan bowling team is Australia total runs on delivery is 1 bowler name is Aaron Finch batsman name is Mohammad Hafeez over runs is 7 dismissal is False dismissal type is  dismissal text is 5.43 innings wickets is 0  ,"drifting in and sliding on, he's pushing this cover-point
","You are an expert cricket commentator. Provide vivid, accurate, and engaging ball-by-ball commentary for cricket matches. Describe the action with technical precision, including details about bowling technique, batting shots, field placements, and match context. Use appropriate cricket terminology and maintain the exciting, dynamic tone that cricket fans expect. Your commentary should be concise yet descriptive, capturing both the action and the atmosphere of the game.",False,Off Stump,Full,Unknown
play type description is run batting team is Pakistan bowling team is Australia total runs on delivery is 1 bowler name is Aaron Finch batsman name is Sarfaraz Ahmed over runs is 7 dismissal is False dismissal type is  dismissal text is 5.44 innings wickets is 0  ,"drag down short ball, he's back and slapping a pull shot to deep midwicket
","You are an expert cricket commentator. Provide vivid, accurate, and engaging ball-by-ball commentary for cricket matches. Describe the action with technical precision, including details about bowling technique, batting shots, field placements, and match context. Use appropriate cricket terminology and maintain the exciting, dynamic tone that cricket fans expect. Your commentary should be concise yet descriptive, capturing both the action and the atmosphere of the game.",False,Off Stump,Short,Pull
play type description is out batting team is Pakistan bowling team is Australia total runs on delivery is 0 bowler name is Aaron Finch batsman name is Mohammad Hafeez over runs is 7 dismissal is True dismissal type is caught dismissal text is 5.4 innings wickets is 0  ,"<strong>he's hit a full toss straight down deep square leg's throat!</strong> Finch makes the breakthrough! Oh no! This was a filthy full toss, it should have been hit to London, he just tried to place it, and hit it straight down Starc's throat on the rope, he held his nerve and took it. Finch raised both arms aloft sheepishly.
","You are an expert cricket commentator. Provide vivid, accurate, and engaging ball-by-ball commentary for cricket matches. Describe the action with technical precision, including details about bowling technique, batting shots, field placements, and match context. Use appropriate cricket terminology and maintain the exciting, dynamic tone that cricket fans expect. Your commentary should be concise yet descriptive, capturing both the action and the atmosphere of the game.",True,Down Leg,Full,Loft/Smash
play type description is wide batting team is Pakistan bowling team is Australia total runs on delivery is 2 bowler name is Aaron Finch batsman name is Sarfaraz Ahmed over runs is 6 dismissal is False dismissal type is  dismissal text is 5.39 innings wickets is 0  ,"drifting way down the leg side, Carey misses it, and they get two wides
","You are an expert cricket commentator. Provide vivid, accurate, and engaging ball-by-ball commentary for cricket matches. Describe the action with technical precision, including details about bowling technique, batting shots, field placements, and match context. Use appropriate cricket terminology and maintain the exciting, dynamic tone that cricket fans expect. Your commentary should be concise yet descriptive, capturing both the action and the atmosphere of the game.",False,Down Leg,Full,Unknown
play type description is no run batting team is Pakistan bowling team is Australia total runs on delivery is 0 bowler name is Aaron Finch batsman name is Asif Ali over runs is 6 dismissal is False dismissal type is  dismissal text is 5.36 innings wickets is 0  ,"drifting into leg stump, he tucks this behind square but can't get one
","You are an expert cricket commentator. Provide vivid, accurate, and engaging ball-by-ball commentary for cricket matches. Describe the action with technical precision, including details about bowling technique, batting shots, field placements, and match context. Use appropriate cricket terminology and maintain the exciting, dynamic tone that cricket fans expect. Your commentary should be concise yet descriptive, capturing both the action and the atmosphere of the game.",False,Leg Stump,Full,Unknown
play type description is run batting team is Pakistan bowling team is Australia total runs on delivery is 1 bowler name is Aaron Finch batsman name is Asif Ali over runs is 6 dismissal is False dismissal type is  dismissal text is 5.36 innings wickets is 0  ,"drifting into leg, he's back and working this through square leg
","You are an expert cricket commentator. Provide vivid, accurate, and engaging ball-by-ball commentary for cricket matches. Describe the action with technical precision, including details about bowling technique, batting shots, field placements, and match context. Use appropriate cricket terminology and maintain the exciting, dynamic tone that cricket fans expect. Your commentary should be concise yet descriptive, capturing both the action and the atmosphere of the game.",False,Down Leg,Full,Unknown
play type description is no run batting team is Pakistan bowling team is Australia total runs on delivery is 0 bowler name is Aaron Finch batsman name is Sarfaraz Ahmed over runs is 6 dismissal is False dismissal type is  dismissal text is 5.33 innings wickets is 0  ,"he steps way outside leg, cuts a ball from outside leg to cover
","You are an expert cricket commentator. Provide vivid, accurate, and engaging ball-by-ball commentary for cricket matches. Describe the action with technical precision, including details about bowling technique, batting shots, field placements, and match context. Use appropriate cricket terminology and maintain the exciting, dynamic tone that cricket fans expect. Your commentary should be concise yet descriptive, capturing both the action and the atmosphere of the game.",False,Outside Off,Full,Cut
play type description is run batting team is Pakistan bowling team is Australia total runs on delivery is 1 bowler name is Aaron Finch batsman name is Sarfaraz Ahmed over runs is 6 dismissal is False dismissal type is  dismissal text is 5.33 innings wickets is 0  ,"shorter on middle, he's back and punching this down to long on
","You are an expert cricket commentator. Provide vivid, accurate, and engaging ball-by-ball commentary for cricket matches. Describe the action with technical precision, including details about bowling technique, batting shots, field placements, and match context. Use appropriate cricket terminology and maintain the exciting, dynamic tone that cricket fans expect. Your commentary should be concise yet descriptive, capturing both the action and the atmosphere of the game.",False,Middle Stump,Full,Unknown
play type description is run batting team is Pakistan bowling team is Australia total runs on delivery is 1 bowler name is Aaron Finch batsman name is Asif Ali over runs is 6 dismissal is False dismissal type is  dismissal text is 5.34 innings wickets is 0  ,"flatter on middle, he's forcing this off the back foot to long on
","You are an expert cricket commentator. Provide vivid, accurate, and engaging ball-by-ball commentary for cricket matches. Describe the action with technical precision, including details about bowling technique, batting shots, field placements, and match context. Use appropriate cricket terminology and maintain the exciting, dynamic tone that cricket fans expect. Your commentary should be concise yet descriptive, capturing both the action and the atmosphere of the game.",False,Middle Stump,Full,Unknown
play type description is run batting team is Pakistan bowling team is Australia total runs on delivery is 1 bowler name is Aaron Finch batsman name is Sarfaraz Ahmed over runs is 6 dismissal is False dismissal type is  dismissal text is 5.34 innings wickets is 0  ,"flatter on middle, he stands tall and punches to long on
","You are an expert cricket commentator. Provide vivid, accurate, and engaging ball-by-ball commentary for cricket matches. Describe the action with technical precision, including details about bowling technique, batting shots, field placements, and match context. Use appropriate cricket terminology and maintain the exciting, dynamic tone that cricket fans expect. Your commentary should be concise yet descriptive, capturing both the action and the atmosphere of the game.",False,Middle Stump,Full,Unknown
play type description is four batting team is Australia bowling team is Bangladesh total runs on delivery is 4 bowler name is Mashrafe Mortaza batsman name is Aaron Finch over runs is 5 dismissal is False dismissal type is  dismissal text is 6.0 innings wickets is 0  ,"125kph, angled into the pad and he clips this behind square with incredible timing! Just a little flick off the hip wide of fine leg and it raced to the rope. He is in some touch
","You are an expert cricket commentator. Provide vivid, accurate, and engaging ball-by-ball commentary for cricket matches. Describe the action with technical precision, including details about bowling technique, batting shots, field placements, and match context. Use appropriate cricket terminology and maintain the exciting, dynamic tone that cricket fans expect. Your commentary should be concise yet descriptive, capturing both the action and the atmosphere of the game.",False,Down Leg,Full,Flick
play type description is no run batting team is Australia bowling team is Bangladesh total runs on delivery is 0 bowler name is Mashrafe Mortaza batsman name is Aaron Finch over runs is 5 dismissal is False dismissal type is  dismissal text is 5.0 innings wickets is 0  ,"127kph, fuller outside off, he drives on the rise, timing it well but Shakib makes a very good diving stop at cover-point
","You are an expert cricket commentator. Provide vivid, accurate, and engaging ball-by-ball commentary for cricket matches. Describe the action with technical precision, including details about bowling technique, batting shots, field placements, and match context. Use appropriate cricket terminology and maintain the exciting, dynamic tone that cricket fans expect. Your commentary should be concise yet descriptive, capturing both the action and the atmosphere of the game.",False,Outside Off,Full,Drive
play type description is no run batting team is Australia bowling team is Bangladesh total runs on delivery is 0 bowler name is Mashrafe Mortaza batsman name is Aaron Finch over runs is 3 dismissal is False dismissal type is  dismissal text is 4.15 innings wickets is 0  ,"127kph, short of a length outside off, he stands up and punches back to the bowler
","You are an expert cricket commentator. Provide vivid, accurate, and engaging ball-by-ball commentary for cricket matches. Describe the action with technical precision, including details about bowling technique, batting shots, field placements, and match context. Use appropriate cricket terminology and maintain the exciting, dynamic tone that cricket fans expect. Your commentary should be concise yet descriptive, capturing both the action and the atmosphere of the game.",False,Outside Off,Short,Unknown
play type description is no run batting team is Australia bowling team is Bangladesh total runs on delivery is 0 bowler name is Mashrafe Mortaza batsman name is Aaron Finch over runs is 3 dismissal is False dismissal type is  dismissal text is 3.85 innings wickets is 0  ,"125kph, back of a length, top of off, he defends firmly off the back foot
","You are an expert cricket commentator. Provide vivid, accurate, and engaging ball-by-ball commentary for cricket matches. Describe the action with technical precision, including details about bowling technique, batting shots, field placements, and match context. Use appropriate cricket terminology and maintain the exciting, dynamic tone that cricket fans expect. Your commentary should be concise yet descriptive, capturing both the action and the atmosphere of the game.",False,Off Stump,Short,Defend
play type description is run batting team is Australia bowling team is Bangladesh total runs on delivery is 1 bowler name is Mashrafe Mortaza batsman name is Aaron Finch over runs is 3 dismissal is False dismissal type is  dismissal text is 4.0 innings wickets is 0  ,"good length, fourth stump line, he's half forward pushing this wide of mid on for a single
","You are an expert cricket commentator. Provide vivid, accurate, and engaging ball-by-ball commentary for cricket matches. Describe the action with technical precision, including details about bowling technique, batting shots, field placements, and match context. Use appropriate cricket terminology and maintain the exciting, dynamic tone that cricket fans expect. Your commentary should be concise yet descriptive, capturing both the action and the atmosphere of the game.",False,Off Stump,Good Length,Unknown
play type description is leg bye batting team is Australia bowling team is Bangladesh total runs on delivery is 1 bowler name is Mashrafe Mortaza batsman name is Aaron Finch over runs is 3 dismissal is False dismissal type is  dismissal text is 4.0 innings wickets is 1  ,"116kph, slower ball cutter, it grips and takes him on the thigh pad, rolling to midwicket for a leg bye
","You are an expert cricket commentator. Provide vivid, accurate, and engaging ball-by-ball commentary for cricket matches. Describe the action with technical precision, including details about bowling technique, batting shots, field placements, and match context. Use appropriate cricket terminology and maintain the exciting, dynamic tone that cricket fans expect. Your commentary should be concise yet descriptive, capturing both the action and the atmosphere of the game.",False,Down Leg,Full,Unknown
play type description is no run batting team is Australia bowling team is Bangladesh total runs on delivery is 0 bowler name is Mustafizur Rahman batsman name is Aaron Finch over runs is 6 dismissal is False dismissal type is  dismissal text is 3.78 innings wickets is 0  ,"139kph, fuller length, angled across, no shape back, Finch wisely leaves
","You are an expert cricket commentator. Provide vivid, accurate, and engaging ball-by-ball commentary for cricket matches. Describe the action with technical precision, including details about bowling technique, batting shots, field placements, and match context. Use appropriate cricket terminology and maintain the exciting, dynamic tone that cricket fans expect. Your commentary should be concise yet descriptive, capturing both the action and the atmosphere of the game.",False,Off Stump,Short,Leave
play type description is wide batting team is Australia bowling team is Bangladesh total runs on delivery is 1 bowler name is Mustafizur Rahman batsman name is Aaron Finch over runs is 6 dismissal is False dismissal type is  dismissal text is 4.1 innings wickets is 0  ,"135kph, back of a length down leg, he tries to glance but misses and it's called wide
","You are an expert cricket commentator. Provide vivid, accurate, and engaging ball-by-ball commentary for cricket matches. Describe the action with technical precision, including details about bowling technique, batting shots, field placements, and match context. Use appropriate cricket terminology and maintain the exciting, dynamic tone that cricket fans expect. Your commentary should be concise yet descriptive, capturing both the action and the atmosphere of the game.",False,Down Leg,Short,Flick
play type description is run batting team is Australia bowling team is Bangladesh total runs on delivery is 1 bowler name is Mustafizur Rahman batsman name is Aaron Finch over runs is 6 dismissal is False dismissal type is  dismissal text is 4.2 innings wickets is 0  ,"137kph, full on the pads, he glances this easily away to fine leg
","You are an expert cricket commentator. Provide vivid, accurate, and engaging ball-by-ball commentary for cricket matches. Describe the action with technical precision, including details about bowling technique, batting shots, field placements, and match context. Use appropriate cricket terminology and maintain the exciting, dynamic tone that cricket fans expect. Your commentary should be concise yet descriptive, capturing both the action and the atmosphere of the game.",False,Down Leg,Full,Flick
play type description is six batting team is Australia bowling team is Bangladesh total runs on delivery is 6 bowler name is Mashrafe Mortaza batsman name is Aaron Finch over runs is 9 dismissal is False dismissal type is  dismissal text is 5.76 innings wickets is 0  ,"<strong>launched over cover!</strong> This was floated up outside off and Finch climbed in, opening up the hips and slicing this up and over cover! That is a superb stroke
","You are an expert cricket commentator. Provide vivid, accurate, and engaging ball-by-ball commentary for cricket matches. Describe the action with technical precision, including details about bowling technique, batting shots, field placements, and match context. Use appropriate cricket terminology and maintain the exciting, dynamic tone that cricket fans expect. Your commentary should be concise yet descriptive, capturing both the action and the atmosphere of the game.",False,Outside Off,Full,Unknown
play type description is no run batting team is Australia bowling team is Bangladesh total runs on delivery is 0 bowler name is Mashrafe Mortaza batsman name is Aaron Finch over runs is 9 dismissal is False dismissal type is  dismissal text is 5.53 innings wickets is 0  ,"good length, fourth stump line, he defends from the crease to cover
","You are an expert cricket commentator. Provide vivid, accurate, and engaging ball-by-ball commentary for cricket matches. Describe the action with technical precision, including details about bowling technique, batting shots, field placements, and match context. Use appropriate cricket terminology and maintain the exciting, dynamic tone that cricket fans expect. Your commentary should be concise yet descriptive, capturing both the action and the atmosphere of the game.",False,Off Stump,Good Length,Defend
play type description is run batting team is Australia bowling team is Bangladesh total runs on delivery is 1 bowler name is Mashrafe Mortaza batsman name is Aaron Finch over runs is 9 dismissal is False dismissal type is  dismissal text is 5.55 innings wickets is 0  ,"126kph, back of a length on middle, he is back and whipping this to the deep square that is in place
","You are an expert cricket commentator. Provide vivid, accurate, and engaging ball-by-ball commentary for cricket matches. Describe the action with technical precision, including details about bowling technique, batting shots, field placements, and match context. Use appropriate cricket terminology and maintain the exciting, dynamic tone that cricket fans expect. Your commentary should be concise yet descriptive, capturing both the action and the atmosphere of the game.",False,Middle Stump,Short,Unknown
play type description is run batting team is Australia bowling team is Bangladesh total runs on delivery is 1 bowler name is Mustafizur Rahman batsman name is Aaron Finch over runs is 4 dismissal is False dismissal type is  dismissal text is 5.41 innings wickets is 0  ,"141kph, good length angled across he hangs the bat out and it runs off the thick outside edge to third man
","You are an expert cricket commentator. Provide vivid, accurate, and engaging ball-by-ball commentary for cricket matches. Describe the action with technical precision, including details about bowling technique, batting shots, field placements, and match context. Use appropriate cricket terminology and maintain the exciting, dynamic tone that cricket fans expect. Your commentary should be concise yet descriptive, capturing both the action and the atmosphere of the game.",False,Off Stump,Good Length,Unknown
play type description is run batting team is Australia bowling team is Bangladesh total runs on delivery is 1 bowler name is Mustafizur Rahman batsman name is Aaron Finch over runs is 4 dismissal is False dismissal type is  dismissal text is 5.45 innings wickets is 0  ,"137kph, half volley, but Finch hangs back and doesn't move his feet, plays a back foot drive wide of mid off for a single
","You are an expert cricket commentator. Provide vivid, accurate, and engaging ball-by-ball commentary for cricket matches. Describe the action with technical precision, including details about bowling technique, batting shots, field placements, and match context. Use appropriate cricket terminology and maintain the exciting, dynamic tone that cricket fans expect. Your commentary should be concise yet descriptive, capturing both the action and the atmosphere of the game.",False,Off Stump,Full,Drive
play type description is no run batting team is Australia bowling team is Bangladesh total runs on delivery is 0 bowler name is Mustafizur Rahman batsman name is Aaron Finch over runs is 4 dismissal is False dismissal type is  dismissal text is 5.16 innings wickets is 0  ,"<strong>play and miss</strong>, a waft outside off at a 136kph length ball angled across. Not a good shot.
","You are an expert cricket commentator. Provide vivid, accurate, and engaging ball-by-ball commentary for cricket matches. Describe the action with technical precision, including details about bowling technique, batting shots, field placements, and match context. Use appropriate cricket terminology and maintain the exciting, dynamic tone that cricket fans expect. Your commentary should be concise yet descriptive, capturing both the action and the atmosphere of the game.",False,Outside Off,Good Length,Unknown
play type description is no run batting team is Australia bowling team is Bangladesh total runs on delivery is 0 bowler name is Mustafizur Rahman batsman name is Aaron Finch over runs is 8 dismissal is False dismissal type is  dismissal text is 5.04 innings wickets is 0  ,"135kph, full outside off, he sits back and plays a back foot drive but picks out cover
","You are an expert cricket commentator. Provide vivid, accurate, and engaging ball-by-ball commentary for cricket matches. Describe the action with technical precision, including details about bowling technique, batting shots, field placements, and match context. Use appropriate cricket terminology and maintain the exciting, dynamic tone that cricket fans expect. Your commentary should be concise yet descriptive, capturing both the action and the atmosphere of the game.",False,Outside Off,Full,Drive
play type description is run batting team is Australia bowling team is Bangladesh total runs on delivery is 1 bowler name is Mustafizur Rahman batsman name is Aaron Finch over runs is 8 dismissal is False dismissal type is  dismissal text is 5.06 innings wickets is 0  ,"124kph, slower ball outside off, he sits back and mistimes a back foot drive to mid off on the circle who is deep. Easy one
","You are an expert cricket commentator. Provide vivid, accurate, and engaging ball-by-ball commentary for cricket matches. Describe the action with technical precision, including details about bowling technique, batting shots, field placements, and match context. Use appropriate cricket terminology and maintain the exciting, dynamic tone that cricket fans expect. Your commentary should be concise yet descriptive, capturing both the action and the atmosphere of the game.",False,Outside Off,Full,Drive
play type description is run batting team is Australia bowling team is Bangladesh total runs on delivery is 2 bowler name is Mashrafe Mortaza batsman name is Aaron Finch over runs is 3 dismissal is False dismissal type is  dismissal text is 5.63 innings wickets is 0  ,"109kph slower ball floated outside off, Finch tries to hit this out of the ground, he drags it along the ground off the toe of the bat through midwicket for two
","You are an expert cricket commentator. Provide vivid, accurate, and engaging ball-by-ball commentary for cricket matches. Describe the action with technical precision, including details about bowling technique, batting shots, field placements, and match context. Use appropriate cricket terminology and maintain the exciting, dynamic tone that cricket fans expect. Your commentary should be concise yet descriptive, capturing both the action and the atmosphere of the game.",False,Outside Off,Full,Loft/Smash
play type description is no run batting team is Australia bowling team is Bangladesh total runs on delivery is 0 bowler name is Mashrafe Mortaza batsman name is Aaron Finch over runs is 3 dismissal is False dismissal type is  dismissal text is 5.52 innings wickets is 0  ,"116kph, slower ball on off, he's back and working this to midwicket
","You are an expert cricket commentator. Provide vivid, accurate, and engaging ball-by-ball commentary for cricket matches. Describe the action with technical precision, including details about bowling technique, batting shots, field placements, and match context. Use appropriate cricket terminology and maintain the exciting, dynamic tone that cricket fans expect. Your commentary should be concise yet descriptive, capturing both the action and the atmosphere of the game.",False,Off Stump,Full,Unknown
play type description is no run batting team is Australia bowling team is Bangladesh total runs on delivery is 0 bowler name is Mashrafe Mortaza batsman name is Aaron Finch over runs is 3 dismissal is False dismissal type is  dismissal text is 5.41 innings wickets is 0  ,"slower ball, good length, he defends on the front foot
","You are an expert cricket commentator. Provide vivid, accurate, and engaging ball-by-ball commentary for cricket matches. Describe the action with technical precision, including details about bowling technique, batting shots, field placements, and match context. Use appropriate cricket terminology and maintain the exciting, dynamic tone that cricket fans expect. Your commentary should be concise yet descriptive, capturing both the action and the atmosphere of the game.",False,Off Stump,Good Length,Defend
play type description is no run batting team is Australia bowling team is Bangladesh total runs on delivery is 0 bowler name is Mashrafe Mortaza batsman name is Aaron Finch over runs is 3 dismissal is False dismissal type is  dismissal text is 5.3 innings wickets is 0  ,"115kph, slower ball, good length, he pushes this on the front foot to cover
","You are an expert cricket commentator. Provide vivid, accurate, and engaging ball-by-ball commentary for cricket matches. Describe the action with technical precision, including details about bowling technique, batting shots, field placements, and match context. Use appropriate cricket terminology and maintain the exciting, dynamic tone that cricket fans expect. Your commentary should be concise yet descriptive, capturing both the action and the atmosphere of the game.",False,Off Stump,Good Length,Unknown
play type description is no run batting team is Australia bowling team is Bangladesh total runs on delivery is 0 bowler name is Mashrafe Mortaza batsman name is Aaron Finch over runs is 3 dismissal is False dismissal type is  dismissal text is 5.2 innings wickets is 0  ,"good length, slower ball outside off, he pushes on the rise to cover
","You are an expert cricket commentator. Provide vivid, accurate, and engaging ball-by-ball commentary for cricket matches. Describe the action with technical precision, including details about bowling technique, batting shots, field placements, and match context. Use appropriate cricket terminology and maintain the exciting, dynamic tone that cricket fans expect. Your commentary should be concise yet descriptive, capturing both the action and the atmosphere of the game.",False,Outside Off,Good Length,Unknown
play type description is run batting team is Australia bowling team is Bangladesh total runs on delivery is 1 bowler name is Mashrafe Mortaza batsman name is Aaron Finch over runs is 3 dismissal is False dismissal type is  dismissal text is 5.22 innings wickets is 0  ,"114kph, slower ball, he drives back past the bowler who gets a hand on it, it rolls slowly to mid off for an easy one
","You are an expert cricket commentator. Provide vivid, accurate, and engaging ball-by-ball commentary for cricket matches. Describe the action with technical precision, including details about bowling technique, batting shots, field placements, and match context. Use appropriate cricket terminology and maintain the exciting, dynamic tone that cricket fans expect. Your commentary should be concise yet descriptive, capturing both the action and the atmosphere of the game.",False,Off Stump,Full,Drive
play type description is no run batting team is Australia bowling team is Bangladesh total runs on delivery is 0 bowler name is Shakib Al Hasan batsman name is Aaron Finch over runs is 6 dismissal is False dismissal type is  dismissal text is 5.12 innings wickets is 0  ,"tossed up outside off, he sits back and cuts straight to cover-point
","You are an expert cricket commentator. Provide vivid, accurate, and engaging ball-by-ball commentary for cricket matches. Describe the action with technical precision, including details about bowling technique, batting shots, field placements, and match context. Use appropriate cricket terminology and maintain the exciting, dynamic tone that cricket fans expect. Your commentary should be concise yet descriptive, capturing both the action and the atmosphere of the game.",False,Outside Off,Full,Cut
play type description is no run batting team is Australia bowling team is Bangladesh total runs on delivery is 0 bowler name is Shakib Al Hasan batsman name is Aaron Finch over runs is 6 dismissal is False dismissal type is  dismissal text is 5.03 innings wickets is 0  ,"lovely length, not much turn, he defends from the crease
","You are an expert cricket commentator. Provide vivid, accurate, and engaging ball-by-ball commentary for cricket matches. Describe the action with technical precision, including details about bowling technique, batting shots, field placements, and match context. Use appropriate cricket terminology and maintain the exciting, dynamic tone that cricket fans expect. Your commentary should be concise yet descriptive, capturing both the action and the atmosphere of the game.",False,Off Stump,Short,Defend
play type description is four batting team is Australia bowling team is Bangladesh total runs on delivery is 4 bowler name is Shakib Al Hasan batsman name is Aaron Finch over runs is 6 dismissal is False dismissal type is  dismissal text is 5.36 innings wickets is 0  ,"<strong>thumped down the ground!</strong> too full, over-pitched, he drives with power from the crease along the ground straight of mid off
","You are an expert cricket commentator. Provide vivid, accurate, and engaging ball-by-ball commentary for cricket matches. Describe the action with technical precision, including details about bowling technique, batting shots, field placements, and match context. Use appropriate cricket terminology and maintain the exciting, dynamic tone that cricket fans expect. Your commentary should be concise yet descriptive, capturing both the action and the atmosphere of the game.",False,Off Stump,Full,Drive
play type description is run batting team is Australia bowling team is Bangladesh total runs on delivery is 1 bowler name is Shakib Al Hasan batsman name is Aaron Finch over runs is 6 dismissal is False dismissal type is  dismissal text is 5.37 innings wickets is 0  ,"shorter length, he punches off the back foot wide of long off, they push for two but it's not on
","You are an expert cricket commentator. Provide vivid, accurate, and engaging ball-by-ball commentary for cricket matches. Describe the action with technical precision, including details about bowling technique, batting shots, field placements, and match context. Use appropriate cricket terminology and maintain the exciting, dynamic tone that cricket fans expect. Your commentary should be concise yet descriptive, capturing both the action and the atmosphere of the game.",False,Off Stump,Short,Unknown
play type description is no run batting team is Australia bowling team is Bangladesh total runs on delivery is 0 bowler name is Shakib Al Hasan batsman name is Aaron Finch over runs is 6 dismissal is False dismissal type is  dismissal text is 5.3 innings wickets is 0  ,"drifting into middle, he drives, mistiming this to mid off
","You are an expert cricket commentator. Provide vivid, accurate, and engaging ball-by-ball commentary for cricket matches. Describe the action with technical precision, including details about bowling technique, batting shots, field placements, and match context. Use appropriate cricket terminology and maintain the exciting, dynamic tone that cricket fans expect. Your commentary should be concise yet descriptive, capturing both the action and the atmosphere of the game.",False,Middle Stump,Full,Drive
play type description is run batting team is Australia bowling team is Bangladesh total runs on delivery is 1 bowler name is Mashrafe Mortaza batsman name is Aaron Finch over runs is 7 dismissal is False dismissal type is  dismissal text is 5.32 innings wickets is 0  ,"114kph, slower ball, on leg, he tucks this behind square
","You are an expert cricket commentator. Provide vivid, accurate, and engaging ball-by-ball commentary for cricket matches. Describe the action with technical precision, including details about bowling technique, batting shots, field placements, and match context. Use appropriate cricket terminology and maintain the exciting, dynamic tone that cricket fans expect. Your commentary should be concise yet descriptive, capturing both the action and the atmosphere of the game.",False,Down Leg,Full,Unknown
play type description is no run batting team is Australia bowling team is Bangladesh total runs on delivery is 0 bowler name is Mashrafe Mortaza batsman name is Aaron Finch over runs is 7 dismissal is False dismissal type is  dismissal text is 5.16 innings wickets is 0  ,"126kph, back of a length angled in, he sits back and punches straight to cover
","You are an expert cricket commentator. Provide vivid, accurate, and engaging ball-by-ball commentary for cricket matches. Describe the action with technical precision, including details about bowling technique, batting shots, field placements, and match context. Use appropriate cricket terminology and maintain the exciting, dynamic tone that cricket fans expect. Your commentary should be concise yet descriptive, capturing both the action and the atmosphere of the game.",False,Off Stump,Short,Unknown
play type description is four batting team is Australia bowling team is Bangladesh total runs on delivery is 4 bowler name is Mashrafe Mortaza batsman name is Aaron Finch over runs is 7 dismissal is False dismissal type is  dismissal text is 5.45 innings wickets is 0  ,"114kph, angled down leg and Finch just glances this fine for four! Bad ball and easy pickings for Finch
","You are an expert cricket commentator. Provide vivid, accurate, and engaging ball-by-ball commentary for cricket matches. Describe the action with technical precision, including details about bowling technique, batting shots, field placements, and match context. Use appropriate cricket terminology and maintain the exciting, dynamic tone that cricket fans expect. Your commentary should be concise yet descriptive, capturing both the action and the atmosphere of the game.",False,Down Leg,Full,Flick
play type description is run batting team is Australia bowling team is Bangladesh total runs on delivery is 1 bowler name is Shakib Al Hasan batsman name is Aaron Finch over runs is 7 dismissal is False dismissal type is  dismissal text is 5.39 innings wickets is 0  ,"round arm, drifting in, he mistimes a drive trying to go through the off side, drags it straight of midwicket to long on
","You are an expert cricket commentator. Provide vivid, accurate, and engaging ball-by-ball commentary for cricket matches. Describe the action with technical precision, including details about bowling technique, batting shots, field placements, and match context. Use appropriate cricket terminology and maintain the exciting, dynamic tone that cricket fans expect. Your commentary should be concise yet descriptive, capturing both the action and the atmosphere of the game.",False,Off Stump,Full,Drive
play type description is run batting team is Australia bowling team is Bangladesh total runs on delivery is 1 bowler name is Shakib Al Hasan batsman name is Aaron Finch over runs is 7 dismissal is False dismissal type is  dismissal text is 5.57 innings wickets is 0  ,"skips down early, it's darted in, he stands up and punches down to long on
","You are an expert cricket commentator. Provide vivid, accurate, and engaging ball-by-ball commentary for cricket matches. Describe the action with technical precision, including details about bowling technique, batting shots, field placements, and match context. Use appropriate cricket terminology and maintain the exciting, dynamic tone that cricket fans expect. Your commentary should be concise yet descriptive, capturing both the action and the atmosphere of the game.",False,Off Stump,Full,Unknown
play type description is run batting team is Australia bowling team is Bangladesh total runs on delivery is 1 bowler name is Rubel Hossain batsman name is Aaron Finch over runs is 5 dismissal is False dismissal type is  dismissal text is 5.52 innings wickets is 0  ,"136kph, back of a length, fourth stump, he stays leg side and drives off the back foot, opening the face to get it to deep cover-point
","You are an expert cricket commentator. Provide vivid, accurate, and engaging ball-by-ball commentary for cricket matches. Describe the action with technical precision, including details about bowling technique, batting shots, field placements, and match context. Use appropriate cricket terminology and maintain the exciting, dynamic tone that cricket fans expect. Your commentary should be concise yet descriptive, capturing both the action and the atmosphere of the game.",False,Off Stump,Full,Drive
play type description is no run batting team is Australia bowling team is Bangladesh total runs on delivery is 0 bowler name is Rubel Hossain batsman name is Aaron Finch over runs is 3 dismissal is False dismissal type is  dismissal text is 5.79 innings wickets is 0  ,"full angled into off, he drives firmly back to the bowler
","You are an expert cricket commentator. Provide vivid, accurate, and engaging ball-by-ball commentary for cricket matches. Describe the action with technical precision, including details about bowling technique, batting shots, field placements, and match context. Use appropriate cricket terminology and maintain the exciting, dynamic tone that cricket fans expect. Your commentary should be concise yet descriptive, capturing both the action and the atmosphere of the game.",False,Off Stump,Full,Drive
play type description is run batting team is Australia bowling team is Bangladesh total runs on delivery is 1 bowler name is Rubel Hossain batsman name is Aaron Finch over runs is 3 dismissal is False dismissal type is  dismissal text is 5.79 innings wickets is 0  ,"136kph, back of a length, on off, he's back and working this wide of midwicket
","You are an expert cricket commentator. Provide vivid, accurate, and engaging ball-by-ball commentary for cricket matches. Describe the action with technical precision, including details about bowling technique, batting shots, field placements, and match context. Use appropriate cricket terminology and maintain the exciting, dynamic tone that cricket fans expect. Your commentary should be concise yet descriptive, capturing both the action and the atmosphere of the game.",False,Off Stump,Short,Unknown
play type description is no run batting team is Australia bowling team is Bangladesh total runs on delivery is 0 bowler name is Mehidy Hasan batsman name is Aaron Finch over runs is 12 dismissal is False dismissal type is  dismissal text is 5.73 innings wickets is 0  ,"tossed up on off, he drives straight back to the bowler
","You are an expert cricket commentator. Provide vivid, accurate, and engaging ball-by-ball commentary for cricket matches. Describe the action with technical precision, including details about bowling technique, batting shots, field placements, and match context. Use appropriate cricket terminology and maintain the exciting, dynamic tone that cricket fans expect. Your commentary should be concise yet descriptive, capturing both the action and the atmosphere of the game.",False,Off Stump,Full,Drive
play type description is no run batting team is Australia bowling team is Bangladesh total runs on delivery is 0 bowler name is Mehidy Hasan batsman name is Aaron Finch over runs is 12 dismissal is False dismissal type is  dismissal text is 5.67 innings wickets is 0  ,"flatter on off, he's back and punching back to the bowler
","You are an expert cricket commentator. Provide vivid, accurate, and engaging ball-by-ball commentary for cricket matches. Describe the action with technical precision, including details about bowling technique, batting shots, field placements, and match context. Use appropriate cricket terminology and maintain the exciting, dynamic tone that cricket fans expect. Your commentary should be concise yet descriptive, capturing both the action and the atmosphere of the game.",False,Off Stump,Full,Unknown
play type description is six batting team is Australia bowling team is Bangladesh total runs on delivery is 6 bowler name is Mehidy Hasan batsman name is Aaron Finch over runs is 12 dismissal is False dismissal type is  dismissal text is 6.0 innings wickets is 0  ,"<strong>slog sweep over square!</strong> Just lobbed into his arc on leg, he was down on one knee and lifting this up over square leg into the crowd!
","You are an expert cricket commentator. Provide vivid, accurate, and engaging ball-by-ball commentary for cricket matches. Describe the action with technical precision, including details about bowling technique, batting shots, field placements, and match context. Use appropriate cricket terminology and maintain the exciting, dynamic tone that cricket fans expect. Your commentary should be concise yet descriptive, capturing both the action and the atmosphere of the game.",False,Down Leg,Full,Sweep
play type description is four batting team is Australia bowling team is Bangladesh total runs on delivery is 4 bowler name is Mehidy Hasan batsman name is Aaron Finch over runs is 12 dismissal is False dismissal type is  dismissal text is 6.18 innings wickets is 0  ,"<strong>Huge hit that goes too high to clear the rope into the wind at deep midwicket!</strong> It half volleyed into the rope. Anywhere else on the ground it was six. Again tossed up in the arc and he just launched it but hit it too high
","You are an expert cricket commentator. Provide vivid, accurate, and engaging ball-by-ball commentary for cricket matches. Describe the action with technical precision, including details about bowling technique, batting shots, field placements, and match context. Use appropriate cricket terminology and maintain the exciting, dynamic tone that cricket fans expect. Your commentary should be concise yet descriptive, capturing both the action and the atmosphere of the game.",False,Off Stump,Full,Loft/Smash
play type description is no run batting team is Australia bowling team is Bangladesh total runs on delivery is 0 bowler name is Mehidy Hasan batsman name is Aaron Finch over runs is 12 dismissal is False dismissal type is  dismissal text is 6.12 innings wickets is 0  ,"flatter outside off, he punches off the back foot to point
","You are an expert cricket commentator. Provide vivid, accurate, and engaging ball-by-ball commentary for cricket matches. Describe the action with technical precision, including details about bowling technique, batting shots, field placements, and match context. Use appropriate cricket terminology and maintain the exciting, dynamic tone that cricket fans expect. Your commentary should be concise yet descriptive, capturing both the action and the atmosphere of the game.",False,Outside Off,Full,Unknown
play type description is no run batting team is Australia bowling team is Bangladesh total runs on delivery is 0 bowler name is Rubel Hossain batsman name is Aaron Finch over runs is 3 dismissal is False dismissal type is  dismissal text is 5.94 innings wickets is 0  ,"length ball on the stumps, pushed back towards the bowler off the back foot
","You are an expert cricket commentator. Provide vivid, accurate, and engaging ball-by-ball commentary for cricket matches. Describe the action with technical precision, including details about bowling technique, batting shots, field placements, and match context. Use appropriate cricket terminology and maintain the exciting, dynamic tone that cricket fans expect. Your commentary should be concise yet descriptive, capturing both the action and the atmosphere of the game.",False,Off Stump,Short,Defend
play type description is run batting team is Australia bowling team is Bangladesh total runs on delivery is 1 bowler name is Mehidy Hasan batsman name is Aaron Finch over runs is 3 dismissal is False dismissal type is  dismissal text is 5.83 innings wickets is 0  ,"length again, spinning into Finch who gives himself some room and eases it towards long-on for a walking single
","You are an expert cricket commentator. Provide vivid, accurate, and engaging ball-by-ball commentary for cricket matches. Describe the action with technical precision, including details about bowling technique, batting shots, field placements, and match context. Use appropriate cricket terminology and maintain the exciting, dynamic tone that cricket fans expect. Your commentary should be concise yet descriptive, capturing both the action and the atmosphere of the game.",False,Off Stump,Short,Unknown
play type description is run batting team is Australia bowling team is Bangladesh total runs on delivery is 1 bowler name is Rubel Hossain batsman name is Aaron Finch over runs is 6 dismissal is False dismissal type is  dismissal text is 5.67 innings wickets is 0  ,"short of length outside off, punched off the back foot towards the left of the mid-off
","You are an expert cricket commentator. Provide vivid, accurate, and engaging ball-by-ball commentary for cricket matches. Describe the action with technical precision, including details about bowling technique, batting shots, field placements, and match context. Use appropriate cricket terminology and maintain the exciting, dynamic tone that cricket fans expect. Your commentary should be concise yet descriptive, capturing both the action and the atmosphere of the game.",False,Outside Off,Short,Leave
play type description is no run batting team is Australia bowling team is Bangladesh total runs on delivery is 0 bowler name is Mehidy Hasan batsman name is Aaron Finch over runs is 7 dismissal is False dismissal type is  dismissal text is 5.73 innings wickets is 0  ,"length ball around off, flatter in trajectory, Finch waits on the back foot and guides towards point
","You are an expert cricket commentator. Provide vivid, accurate, and engaging ball-by-ball commentary for cricket matches. Describe the action with technical precision, including details about bowling technique, batting shots, field placements, and match context. Use appropriate cricket terminology and maintain the exciting, dynamic tone that cricket fans expect. Your commentary should be concise yet descriptive, capturing both the action and the atmosphere of the game.",False,Off Stump,Short,Unknown
play type description is run batting team is Australia bowling team is Bangladesh total runs on delivery is 2 bowler name is Mehidy Hasan batsman name is Aaron Finch over runs is 7 dismissal is False dismissal type is  dismissal text is 5.79 innings wickets is 0  ,"backs away to the fuller delivery and looks to go aerial, mistimed towards wide long-on for a couple
","You are an expert cricket commentator. Provide vivid, accurate, and engaging ball-by-ball commentary for cricket matches. Describe the action with technical precision, including details about bowling technique, batting shots, field placements, and match context. Use appropriate cricket terminology and maintain the exciting, dynamic tone that cricket fans expect. Your commentary should be concise yet descriptive, capturing both the action and the atmosphere of the game.",False,Off Stump,Full,Unknown
play type description is no run batting team is Australia bowling team is Bangladesh total runs on delivery is 0 bowler name is Mehidy Hasan batsman name is Aaron Finch over runs is 7 dismissal is False dismissal type is  dismissal text is 5.74 innings wickets is 0  ,"flatter on the stumps, pushed back towards the bowler this time
","You are an expert cricket commentator. Provide vivid, accurate, and engaging ball-by-ball commentary for cricket matches. Describe the action with technical precision, including details about bowling technique, batting shots, field placements, and match context. Use appropriate cricket terminology and maintain the exciting, dynamic tone that cricket fans expect. Your commentary should be concise yet descriptive, capturing both the action and the atmosphere of the game.",False,Off Stump,Full,Unknown
play type description is four batting team is Australia bowling team is Bangladesh total runs on delivery is 4 bowler name is Mehidy Hasan batsman name is Aaron Finch over runs is 7 dismissal is False dismissal type is  dismissal text is 5.89 innings wickets is 0  ,"down the leg side and Finch manages to get some bat on it, and <b>that's another fifty for Australia captain</b>. his eighth in last 11 innings
","You are an expert cricket commentator. Provide vivid, accurate, and engaging ball-by-ball commentary for cricket matches. Describe the action with technical precision, including details about bowling technique, batting shots, field placements, and match context. Use appropriate cricket terminology and maintain the exciting, dynamic tone that cricket fans expect. Your commentary should be concise yet descriptive, capturing both the action and the atmosphere of the game.",False,Down Leg,Full,Unknown
play type description is run batting team is Australia bowling team is Bangladesh total runs on delivery is 1 bowler name is Mehidy Hasan batsman name is Aaron Finch over runs is 7 dismissal is False dismissal type is  dismissal text is 5.89 innings wickets is 0  ,"fuller on the stumps and pushed towards long-on
","You are an expert cricket commentator. Provide vivid, accurate, and engaging ball-by-ball commentary for cricket matches. Describe the action with technical precision, including details about bowling technique, batting shots, field placements, and match context. Use appropriate cricket terminology and maintain the exciting, dynamic tone that cricket fans expect. Your commentary should be concise yet descriptive, capturing both the action and the atmosphere of the game.",False,Off Stump,Full,Unknown
play type description is no run batting team is Australia bowling team is Bangladesh total runs on delivery is 0 bowler name is Soumya Sarkar batsman name is Aaron Finch over runs is 4 dismissal is False dismissal type is  dismissal text is 5.8 innings wickets is 0  ,"starts with a gentle one, a touch fuller around off, Finch comes forward and drives it towards extra cover
","You are an expert cricket commentator. Provide vivid, accurate, and engaging ball-by-ball commentary for cricket matches. Describe the action with technical precision, including details about bowling technique, batting shots, field placements, and match context. Use appropriate cricket terminology and maintain the exciting, dynamic tone that cricket fans expect. Your commentary should be concise yet descriptive, capturing both the action and the atmosphere of the game.",False,Off Stump,Full,Drive
play type description is run batting team is Australia bowling team is Bangladesh total runs on delivery is 1 bowler name is Soumya Sarkar batsman name is Aaron Finch over runs is 4 dismissal is False dismissal type is  dismissal text is 5.8 innings wickets is 0  ,"length ball but on the stumps this time, driven towards long-on for an easy single
","You are an expert cricket commentator. Provide vivid, accurate, and engaging ball-by-ball commentary for cricket matches. Describe the action with technical precision, including details about bowling technique, batting shots, field placements, and match context. Use appropriate cricket terminology and maintain the exciting, dynamic tone that cricket fans expect. Your commentary should be concise yet descriptive, capturing both the action and the atmosphere of the game.",False,Off Stump,Full,Drive
play type description is out batting team is Australia bowling team is Bangladesh total runs on delivery is 0 bowler name is Soumya Sarkar batsman name is Aaron Finch over runs is 4 dismissal is True dismissal type is caught dismissal text is 5.8 innings wickets is 0  ,"<b>against the run of play</b>, Soumya strikes in his first over. Was a length ball around off, Finch was looking to run it down but is surprised by the extra bounce. He checks his shot but ends up hitting it straight into the hands of short third man. Bangladesh have a breakthrough finally
","You are an expert cricket commentator. Provide vivid, accurate, and engaging ball-by-ball commentary for cricket matches. Describe the action with technical precision, including details about bowling technique, batting shots, field placements, and match context. Use appropriate cricket terminology and maintain the exciting, dynamic tone that cricket fans expect. Your commentary should be concise yet descriptive, capturing both the action and the atmosphere of the game.",True,Off Stump,Short,Unknown
play type description is leg bye batting team is Australia bowling team is Zimbabwe total runs on delivery is 1 bowler name is Wellington Masakadza batsman name is Aaron Finch over runs is 8 dismissal is False dismissal type is  dismissal text is 6.0 innings wickets is 1  ,"full and drifting into the pads, Finch tries to dab it fine, but he can't make contact with the bat.
","You are an expert cricket commentator. Provide vivid, accurate, and engaging ball-by-ball commentary for cricket matches. Describe the action with technical precision, including details about bowling technique, batting shots, field placements, and match context. Use appropriate cricket terminology and maintain the exciting, dynamic tone that cricket fans expect. Your commentary should be concise yet descriptive, capturing both the action and the atmosphere of the game.",False,Unknown,Full,Unknown
play type description is run batting team is Australia bowling team is Zimbabwe total runs on delivery is 1 bowler name is Wellington Masakadza batsman name is Aaron Finch over runs is 8 dismissal is False dismissal type is  dismissal text is 6.0 innings wickets is 0  ,"backs away outside leg, but Masakadza follows him with a quicker delivery. Finch flicks through midwicket
","You are an expert cricket commentator. Provide vivid, accurate, and engaging ball-by-ball commentary for cricket matches. Describe the action with technical precision, including details about bowling technique, batting shots, field placements, and match context. Use appropriate cricket terminology and maintain the exciting, dynamic tone that cricket fans expect. Your commentary should be concise yet descriptive, capturing both the action and the atmosphere of the game.",False,Down Leg,Full,Flick
play type description is run batting team is Australia bowling team is Zimbabwe total runs on delivery is 1 bowler name is Blessing Muzarabani batsman name is Aaron Finch over runs is 7 dismissal is False dismissal type is  dismissal text is 7.5 innings wickets is 0  ,"flicks another back of a length delivery from off stump away to deep square leg
","You are an expert cricket commentator. Provide vivid, accurate, and engaging ball-by-ball commentary for cricket matches. Describe the action with technical precision, including details about bowling technique, batting shots, field placements, and match context. Use appropriate cricket terminology and maintain the exciting, dynamic tone that cricket fans expect. Your commentary should be concise yet descriptive, capturing both the action and the atmosphere of the game.",False,Off Stump,Good Length,Flick
play type description is wide batting team is Australia bowling team is Zimbabwe total runs on delivery is 1 bowler name is Blessing Muzarabani batsman name is Aaron Finch over runs is 7 dismissal is False dismissal type is  dismissal text is 7.2 innings wickets is 0  ,"tries to glance the ball, sliding down leg, to the boundary but he can't touch it
","You are an expert cricket commentator. Provide vivid, accurate, and engaging ball-by-ball commentary for cricket matches. Describe the action with technical precision, including details about bowling technique, batting shots, field placements, and match context. Use appropriate cricket terminology and maintain the exciting, dynamic tone that cricket fans expect. Your commentary should be concise yet descriptive, capturing both the action and the atmosphere of the game.",False,Down Leg,Full,Flick
play type description is run batting team is Australia bowling team is Zimbabwe total runs on delivery is 1 bowler name is Blessing Muzarabani batsman name is Aaron Finch over runs is 7 dismissal is False dismissal type is  dismissal text is 7.09 innings wickets is 0  ,"tries to pull a short and wide delivery - perhaps off pace as well - and gets an inside edge to deep square leg
","You are an expert cricket commentator. Provide vivid, accurate, and engaging ball-by-ball commentary for cricket matches. Describe the action with technical precision, including details about bowling technique, batting shots, field placements, and match context. Use appropriate cricket terminology and maintain the exciting, dynamic tone that cricket fans expect. Your commentary should be concise yet descriptive, capturing both the action and the atmosphere of the game.",False,Down Leg,Short,Pull
play type description is out batting team is Australia bowling team is Zimbabwe total runs on delivery is 0 bowler name is Wellington Masakadza batsman name is Aaron Finch over runs is 3 dismissal is True dismissal type is caught dismissal text is 6.92 innings wickets is 0  ,"taken at deep midwicket! It's a long hop from a spinner and it's absolutely smacked away. Problem is it zeroes in on Musakanda on the boundary. The in-form Finch is back in the hut and the chase is only two overs old. How will Australia respond?
","You are an expert cricket commentator. Provide vivid, accurate, and engaging ball-by-ball commentary for cricket matches. Describe the action with technical precision, including details about bowling technique, batting shots, field placements, and match context. Use appropriate cricket terminology and maintain the exciting, dynamic tone that cricket fans expect. Your commentary should be concise yet descriptive, capturing both the action and the atmosphere of the game.",True,Off Stump,Full,Unknown
play type description is run batting team is Kings XI Punjab bowling team is Kolkata Knight Riders total runs on delivery is 1 bowler name is Sunil Narine batsman name is Aaron Finch over runs is 14 dismissal is False dismissal type is  dismissal text is 10.52 innings wickets is 0  ,"Finch goes low, and deflects a sweep to short fine leg
","You are an expert cricket commentator. Provide vivid, accurate, and engaging ball-by-ball commentary for cricket matches. Describe the action with technical precision, including details about bowling technique, batting shots, field placements, and match context. Use appropriate cricket terminology and maintain the exciting, dynamic tone that cricket fans expect. Your commentary should be concise yet descriptive, capturing both the action and the atmosphere of the game.",False,Down Leg,Short,Sweep
play type description is run batting team is Kings XI Punjab bowling team is Kolkata Knight Riders total runs on delivery is 1 bowler name is Javon Searles batsman name is Aaron Finch over runs is 8 dismissal is False dismissal type is  dismissal text is 10.25 innings wickets is 0  ,"wide of the crease, angling into the hips, tucked away to deep square leg
","You are an expert cricket commentator. Provide vivid, accurate, and engaging ball-by-ball commentary for cricket matches. Describe the action with technical precision, including details about bowling technique, batting shots, field placements, and match context. Use appropriate cricket terminology and maintain the exciting, dynamic tone that cricket fans expect. Your commentary should be concise yet descriptive, capturing both the action and the atmosphere of the game.",False,Down Leg,Full,Unknown
play type description is run batting team is Kings XI Punjab bowling team is Kolkata Knight Riders total runs on delivery is 1 bowler name is Javon Searles batsman name is Aaron Finch over runs is 8 dismissal is False dismissal type is  dismissal text is 9.93 innings wickets is 0  ,"slower one on the pads from wide of the crease, 113ks, clipped to deep square leg
","You are an expert cricket commentator. Provide vivid, accurate, and engaging ball-by-ball commentary for cricket matches. Describe the action with technical precision, including details about bowling technique, batting shots, field placements, and match context. Use appropriate cricket terminology and maintain the exciting, dynamic tone that cricket fans expect. Your commentary should be concise yet descriptive, capturing both the action and the atmosphere of the game.",False,Down Leg,Full,Flick
play type description is no run batting team is Kings XI Punjab bowling team is Kolkata Knight Riders total runs on delivery is 0 bowler name is Sunil Narine batsman name is Aaron Finch over runs is 4 dismissal is False dismissal type is  dismissal text is 9.87 innings wickets is 0  ,"turning offbreak, full and hits the pad, but this is heading past leg stump
","You are an expert cricket commentator. Provide vivid, accurate, and engaging ball-by-ball commentary for cricket matches. Describe the action with technical precision, including details about bowling technique, batting shots, field placements, and match context. Use appropriate cricket terminology and maintain the exciting, dynamic tone that cricket fans expect. Your commentary should be concise yet descriptive, capturing both the action and the atmosphere of the game.",False,Leg Stump,Full,Unknown
play type description is run batting team is Kings XI Punjab bowling team is Kolkata Knight Riders total runs on delivery is 1 bowler name is Sunil Narine batsman name is Aaron Finch over runs is 4 dismissal is False dismissal type is  dismissal text is 9.8 innings wickets is 0  ,"short, width, cracked to sweeper cover off the back foot
","You are an expert cricket commentator. Provide vivid, accurate, and engaging ball-by-ball commentary for cricket matches. Describe the action with technical precision, including details about bowling technique, batting shots, field placements, and match context. Use appropriate cricket terminology and maintain the exciting, dynamic tone that cricket fans expect. Your commentary should be concise yet descriptive, capturing both the action and the atmosphere of the game.",False,Off Stump,Short,Unknown
play type description is run batting team is Kings XI Punjab bowling team is Kolkata Knight Riders total runs on delivery is 1 bowler name is Sunil Narine batsman name is Aaron Finch over runs is 4 dismissal is False dismissal type is  dismissal text is 9.54 innings wickets is 0  ,"back of a length, starts outside off, breaks in and cramps the batsman for room. Chopped to point
","You are an expert cricket commentator. Provide vivid, accurate, and engaging ball-by-ball commentary for cricket matches. Describe the action with technical precision, including details about bowling technique, batting shots, field placements, and match context. Use appropriate cricket terminology and maintain the exciting, dynamic tone that cricket fans expect. Your commentary should be concise yet descriptive, capturing both the action and the atmosphere of the game.",False,Outside Off,Short,Unknown
play type description is run batting team is Kings XI Punjab bowling team is Kolkata Knight Riders total runs on delivery is 1 bowler name is Kuldeep Yadav batsman name is Aaron Finch over runs is 14 dismissal is False dismissal type is  dismissal text is 9.49 innings wickets is 0  ,"tossed on off, driven down to long-off
","You are an expert cricket commentator. Provide vivid, accurate, and engaging ball-by-ball commentary for cricket matches. Describe the action with technical precision, including details about bowling technique, batting shots, field placements, and match context. Use appropriate cricket terminology and maintain the exciting, dynamic tone that cricket fans expect. Your commentary should be concise yet descriptive, capturing both the action and the atmosphere of the game.",False,Off Stump,Full,Drive
play type description is run batting team is Kings XI Punjab bowling team is Kolkata Knight Riders total runs on delivery is 1 bowler name is Kuldeep Yadav batsman name is Aaron Finch over runs is 14 dismissal is False dismissal type is  dismissal text is 9.39 innings wickets is 0  ,"heaved from just outside off to deep midwicket off the back foot
","You are an expert cricket commentator. Provide vivid, accurate, and engaging ball-by-ball commentary for cricket matches. Describe the action with technical precision, including details about bowling technique, batting shots, field placements, and match context. Use appropriate cricket terminology and maintain the exciting, dynamic tone that cricket fans expect. Your commentary should be concise yet descriptive, capturing both the action and the atmosphere of the game.",False,Outside Off,Full,Unknown
play type description is run batting team is Kings XI Punjab bowling team is Kolkata Knight Riders total runs on delivery is 2 bowler name is Piyush Chawla batsman name is Aaron Finch over runs is 7 dismissal is False dismissal type is  dismissal text is 9.94 innings wickets is 0  ,"back of a length and angling in on middle, clipped to deep square leg
","You are an expert cricket commentator. Provide vivid, accurate, and engaging ball-by-ball commentary for cricket matches. Describe the action with technical precision, including details about bowling technique, batting shots, field placements, and match context. Use appropriate cricket terminology and maintain the exciting, dynamic tone that cricket fans expect. Your commentary should be concise yet descriptive, capturing both the action and the atmosphere of the game.",False,Middle Stump,Short,Unknown
play type description is run batting team is Kings XI Punjab bowling team is Kolkata Knight Riders total runs on delivery is 1 bowler name is Piyush Chawla batsman name is Aaron Finch over runs is 7 dismissal is False dismissal type is  dismissal text is 9.89 innings wickets is 0  ,"picked off the pads to deep midwicket for one
","You are an expert cricket commentator. Provide vivid, accurate, and engaging ball-by-ball commentary for cricket matches. Describe the action with technical precision, including details about bowling technique, batting shots, field placements, and match context. Use appropriate cricket terminology and maintain the exciting, dynamic tone that cricket fans expect. Your commentary should be concise yet descriptive, capturing both the action and the atmosphere of the game.",False,Off Stump,Full,Flick
play type description is run batting team is Kings XI Punjab bowling team is Kolkata Knight Riders total runs on delivery is 1 bowler name is Piyush Chawla batsman name is Aaron Finch over runs is 7 dismissal is False dismissal type is  dismissal text is 9.78 innings wickets is 0  ,"punched from middle stump to sweeper cover after backing away outside leg
","You are an expert cricket commentator. Provide vivid, accurate, and engaging ball-by-ball commentary for cricket matches. Describe the action with technical precision, including details about bowling technique, batting shots, field placements, and match context. Use appropriate cricket terminology and maintain the exciting, dynamic tone that cricket fans expect. Your commentary should be concise yet descriptive, capturing both the action and the atmosphere of the game.",False,Middle Stump,Full,Unknown
play type description is run batting team is Kings XI Punjab bowling team is Kolkata Knight Riders total runs on delivery is 1 bowler name is Piyush Chawla batsman name is Aaron Finch over runs is 7 dismissal is False dismissal type is  dismissal text is 9.69 innings wickets is 0  ,"shorter and just a shade outside off, Finch manufactures additional room and chops it away to sweeper cover
","You are an expert cricket commentator. Provide vivid, accurate, and engaging ball-by-ball commentary for cricket matches. Describe the action with technical precision, including details about bowling technique, batting shots, field placements, and match context. Use appropriate cricket terminology and maintain the exciting, dynamic tone that cricket fans expect. Your commentary should be concise yet descriptive, capturing both the action and the atmosphere of the game.",False,Outside Off,Full,Unknown
play type description is six batting team is Kings XI Punjab bowling team is Kolkata Knight Riders total runs on delivery is 6 bowler name is Kuldeep Yadav batsman name is Aaron Finch over runs is 15 dismissal is False dismissal type is  dismissal text is 10.02 innings wickets is 0  ,"dropped short on off stump, Finch picks the length up so quickly. He rocks back and muscles a pull over midwicket. Hit with the spin
","You are an expert cricket commentator. Provide vivid, accurate, and engaging ball-by-ball commentary for cricket matches. Describe the action with technical precision, including details about bowling technique, batting shots, field placements, and match context. Use appropriate cricket terminology and maintain the exciting, dynamic tone that cricket fans expect. Your commentary should be concise yet descriptive, capturing both the action and the atmosphere of the game.",False,Off Stump,Short,Pull
play type description is six batting team is Kings XI Punjab bowling team is Kolkata Knight Riders total runs on delivery is 6 bowler name is Kuldeep Yadav batsman name is Aaron Finch over runs is 15 dismissal is False dismissal type is  dismissal text is 10.35 innings wickets is 0  ,"Finch muscles another six, clears Searles at long-on. Googly, leaves Finch, he drags it from outside off and slog-sweeps it away. Hit against the spin this time
","You are an expert cricket commentator. Provide vivid, accurate, and engaging ball-by-ball commentary for cricket matches. Describe the action with technical precision, including details about bowling technique, batting shots, field placements, and match context. Use appropriate cricket terminology and maintain the exciting, dynamic tone that cricket fans expect. Your commentary should be concise yet descriptive, capturing both the action and the atmosphere of the game.",False,Outside Off,Full,Sweep
play type description is run batting team is Kings XI Punjab bowling team is Kolkata Knight Riders total runs on delivery is 1 bowler name is Kuldeep Yadav batsman name is Aaron Finch over runs is 15 dismissal is False dismissal type is  dismissal text is 10.29 innings wickets is 0  ,"back of a length on off, punched down to long-off
","You are an expert cricket commentator. Provide vivid, accurate, and engaging ball-by-ball commentary for cricket matches. Describe the action with technical precision, including details about bowling technique, batting shots, field placements, and match context. Use appropriate cricket terminology and maintain the exciting, dynamic tone that cricket fans expect. Your commentary should be concise yet descriptive, capturing both the action and the atmosphere of the game.",False,Off Stump,Short,Unknown
play type description is run batting team is Kings XI Punjab bowling team is Kolkata Knight Riders total runs on delivery is 1 bowler name is Kuldeep Yadav batsman name is Aaron Finch over runs is 15 dismissal is False dismissal type is  dismissal text is 10.07 innings wickets is 0  ,"back of a length and faster on off, 106.7ks, chopped to cover
","You are an expert cricket commentator. Provide vivid, accurate, and engaging ball-by-ball commentary for cricket matches. Describe the action with technical precision, including details about bowling technique, batting shots, field placements, and match context. Use appropriate cricket terminology and maintain the exciting, dynamic tone that cricket fans expect. Your commentary should be concise yet descriptive, capturing both the action and the atmosphere of the game.",False,Off Stump,Short,Unknown
play type description is run batting team is Kings XI Punjab bowling team is Kolkata Knight Riders total runs on delivery is 1 bowler name is Piyush Chawla batsman name is Aaron Finch over runs is 9 dismissal is False dismissal type is  dismissal text is 10.02 innings wickets is 0  ,"Finch skies it in the air, Searles (long-on) and Russell (long-off) look at each other and watch the ball drop in between them. Back of a length on middle, Finch aims for a loft and miscues it. He gets away in the end
","You are an expert cricket commentator. Provide vivid, accurate, and engaging ball-by-ball commentary for cricket matches. Describe the action with technical precision, including details about bowling technique, batting shots, field placements, and match context. Use appropriate cricket terminology and maintain the exciting, dynamic tone that cricket fans expect. Your commentary should be concise yet descriptive, capturing both the action and the atmosphere of the game.",False,Middle Stump,Short,Loft/Smash
play type description is run batting team is Kings XI Punjab bowling team is Kolkata Knight Riders total runs on delivery is 1 bowler name is Piyush Chawla batsman name is Aaron Finch over runs is 9 dismissal is False dismissal type is  dismissal text is 10.0 innings wickets is 0  ,"skidder on leg stump, backs away and jabs to the covers
","You are an expert cricket commentator. Provide vivid, accurate, and engaging ball-by-ball commentary for cricket matches. Describe the action with technical precision, including details about bowling technique, batting shots, field placements, and match context. Use appropriate cricket terminology and maintain the exciting, dynamic tone that cricket fans expect. Your commentary should be concise yet descriptive, capturing both the action and the atmosphere of the game.",False,Leg Stump,Full,Unknown
play type description is six batting team is Kings XI Punjab bowling team is Kolkata Knight Riders total runs on delivery is 6 bowler name is Javon Searles batsman name is Aaron Finch over runs is 20 dismissal is False dismissal type is  dismissal text is 10.28 innings wickets is 0  ,"errs too full on middle, overpitched and right in the slot, Finch clears his front leg and smokes it over midwicket
","You are an expert cricket commentator. Provide vivid, accurate, and engaging ball-by-ball commentary for cricket matches. Describe the action with technical precision, including details about bowling technique, batting shots, field placements, and match context. Use appropriate cricket terminology and maintain the exciting, dynamic tone that cricket fans expect. Your commentary should be concise yet descriptive, capturing both the action and the atmosphere of the game.",False,Middle Stump,Slot,Unknown
play type description is out batting team is Kings XI Punjab bowling team is Kolkata Knight Riders total runs on delivery is 0 bowler name is Javon Searles batsman name is Aaron Finch over runs is 20 dismissal is True dismissal type is caught dismissal text is 10.17 innings wickets is 0  ,"<strong>Maiden IPL wicket for Searles</strong>.  Full on middle, Finch's strength is to muscle the ball. He, instead, searches for a paddle and picks out Kuldeep at short fine leg
","You are an expert cricket commentator. Provide vivid, accurate, and engaging ball-by-ball commentary for cricket matches. Describe the action with technical precision, including details about bowling technique, batting shots, field placements, and match context. Use appropriate cricket terminology and maintain the exciting, dynamic tone that cricket fans expect. Your commentary should be concise yet descriptive, capturing both the action and the atmosphere of the game.",True,Middle Stump,Short,Unknown
